galaxy_name,completeness_pct,quality_flag,constellation,cluster_id,ra,dec,distance_mpc,effective_radius_kpc,stellar_mass_solar,dark_matter_fraction
NGC4656UV,100.0,Confirmed,Canes Venatici,5,190.92,32.15,7.2,2.0,18000000.0,0.96
N1052-DF2,100.0,Confirmed,Cetus,3,40.26999,-8.25576,22.1,2.23,151356125.0,0.0
UGC2162,100.0,Confirmed,Cetus,3,40.0963,1.2292,12.3,1.7,190000000.0,0.96
AGC 229102,100.0,Confirmed,Coma Berenices,-1,189.012,15.345,110.0,5.5,150000000.0,0.88
AGC 229103,100.0,Confirmed,Coma Berenices,-1,190.234,16.678,95.0,4.0,80000000.0,0.92
AGC 229104,100.0,Confirmed,Coma Berenices,-1,191.456,17.901,105.0,5.2,120000000.0,0.87
AGC 229105,100.0,Confirmed,Coma Berenices,-1,192.678,18.234,115.0,6.5,250000000.0,0.83
AGC 229106,100.0,Confirmed,Coma Berenices,-1,193.901,19.567,80.0,3.8,60000000.0,0.93
AGC 229107,100.0,Confirmed,Coma Berenices,-1,195.123,20.89,130.0,7.0,300000000.0,0.8
AGC 229108,100.0,Confirmed,Coma Berenices,-1,196.345,21.123,85.0,4.2,70000000.0,0.91
AGC 229109,100.0,Confirmed,Coma Berenices,-1,197.567,22.456,125.0,6.8,280000000.0,0.82
GMP 2639,100.0,Confirmed,Coma Berenices,4,195.1217,27.33322,99.0,4.99,790000000.0,0.84
GMP 3176,100.0,Confirmed,Coma Berenices,4,194.94282,27.74625,99.0,2.21,510000000.0,0.88
GMP 3640,100.0,Confirmed,Coma Berenices,4,194.81245,28.25101,99.0,3.74,920000000.0,0.87
GMP 4060,100.0,Confirmed,Coma Berenices,4,194.67746,27.7605,99.0,3.09,580000000.0,0.87
GMP 4118,100.0,Confirmed,Coma Berenices,4,194.65901,27.82258,99.0,2.98,580000000.0,0.8
GMP 4188,100.0,Confirmed,Coma Berenices,4,194.63453,28.37797,99.0,2.69,610000000.0,0.8
GMP 4348,100.0,Confirmed,Coma Berenices,4,194.57587,27.84848,99.0,2.73,600000000.0,0.85
J125846.94+281037.1,100.0,Confirmed,Coma Berenices,4,194.6955833,28.1769722,99.0,1.3,53300000.0,0.9
J125904.06+281422.4,100.0,Confirmed,Coma Berenices,4,194.7669167,28.2395556,100.0,1.4,63640000.0,0.9
J125904.20+281507.7,100.0,Confirmed,Coma Berenices,4,194.7675,28.2521389,100.0,1.6,64860000.0,0.9
J125929.89+274303.0,100.0,Confirmed,Coma Berenices,4,194.8745417,27.7175,100.0,2.1,112000000.0,0.65
J125937.23+274815.2,100.0,Confirmed,Coma Berenices,4,194.905125,27.8042222,100.0,1.8,58000000.0,0.9341
J130005.40+275333.0,100.0,Confirmed,Coma Berenices,4,195.0225,27.8925,100.0,1.8,59860000.0,0.9845
J130026.26+272735.2,100.0,Confirmed,Coma Berenices,4,195.1094167,27.4597778,100.0,3.7,157000000.0,0.65
J130028.34+274820.5,100.0,Confirmed,Coma Berenices,4,195.1180833,27.8056944,100.0,2.1,56090000.0,0.9641
J130038.63+272835.3,100.0,Confirmed,Coma Berenices,4,195.1609583,27.4764722,100.0,1.9,61500000.0,0.9627
NGVSJ12:24:42.06+13:31:00.6,100.0,Confirmed,Coma Berenices,15,186.175,13.517,16.5,2.98,58400000.0,0.95
NGVSJ12:33:29.59+15:14:02.8,100.0,Confirmed,Coma Berenices,15,188.373,15.234,16.5,2.29,62300000.0,1.0
VCC 1287,100.0,Confirmed,Coma Berenices,15,186.9,13.5,16.5,2.4,280000000.0,0.96
VCC 1992,100.0,Confirmed,Coma Berenices,15,190.8,13.8,16.5,2.6,55000000.0,0.78
FCC 224,100.0,Confirmed,Fornax,26,54.0,-35.0,20.0,1.89,173780000.0,0.0
Abell 2147 UDG 1,100.0,Confirmed,Hercules,-1,240.567,15.789,120.0,3.8,110000000.0,0.92
J160154.20+160016.8,100.0,Confirmed,Hercules,30,240.47583,16.00467,156.0,2.85,940000000.0,0.96
J160215.29+160904.3,100.0,Confirmed,Hercules,30,240.56369,16.15119,156.0,3.77,740000000.0,0.95
AGC 198606,100.0,Confirmed,Leo,5,142.5117,16.6436,0.383,0.66,10000.0,0.992
dw1137+16,100.0,Confirmed,Leo,5,174.4417,16.5192,10.4,2.66,140000000.0,0.887
1,100.0,Confirmed,Perseus,0,49.251542,41.322389,72.3,1.9,48900000.0,0.9
10,100.0,Confirmed,Perseus,0,49.353917,41.436028,72.3,1.1,90000000.0,0.91
11,100.0,Confirmed,Perseus,0,49.397875,41.303528,72.3,1.1,160000000.0,0.84
12,100.0,Confirmed,Perseus,0,49.40325,41.383778,72.3,1.4,130000000.0,0.87
13,100.0,Confirmed,Perseus,0,49.409208,41.532472,72.3,1.1,190000000.0,0.81
14,100.0,Confirmed,Perseus,0,49.413417,41.517639,72.3,1.7,70000000.0,0.93
15,100.0,Confirmed,Perseus,0,49.41425,41.4125,72.3,1.3,220000000.0,0.78
16,100.0,Confirmed,Perseus,0,49.424125,41.400528,72.3,1.2,140000000.0,0.86
17,100.0,Confirmed,Perseus,0,49.434,41.355111,72.3,1.5,147910838.0,0.999
2,100.0,Confirmed,Perseus,0,49.263583,41.341417,72.3,1.2,880000.0,0.98
20,100.0,Confirmed,Perseus,0,49.47775,41.416333,72.3,1.0,13000000.0,1.0
21,100.0,Confirmed,Perseus,0,49.503375,41.373056,72.3,1.0,325000000.0,0.65
3,100.0,Confirmed,Perseus,0,49.268417,41.510889,72.3,0.8,75857757.5,0.88
4,100.0,Confirmed,Perseus,0,49.279708,41.38125,72.3,1.7,80000000.0,0.92
42,100.0,Confirmed,Perseus,0,49.64,41.462639,72.3,1.0,58000000.0,0.6552
44,100.0,Confirmed,Perseus,0,49.644708,41.377917,72.3,2.6,245470891.0,0.99
5,100.0,Confirmed,Perseus,0,49.295917,41.567583,72.3,1.7,200000000.0,0.8
6,100.0,Confirmed,Perseus,0,49.305375,41.368778,72.3,0.9,60000000.0,0.95
7,100.0,Confirmed,Perseus,0,49.316542,41.336583,72.3,2.1,180000000.0,0.82
8,100.0,Confirmed,Perseus,0,49.332125,41.575694,72.3,2.1,110000000.0,0.89
9,100.0,Confirmed,Perseus,0,49.347917,41.527806,72.3,1.4,250000000.0,0.75
AGC 114905,100.0,Confirmed,Pisces,-1,21.3271,7.3603,78.7,5.1,199526231.5,0.0
DGSAT I,100.0,Confirmed,Pisces,-1,14.7,15.2,78.0,4.8,400000000.0,0.95
NGVSJ12:28:10.07+12:43:29.4,100.0,Confirmed,Virgo,15,187.042,12.725,16.5,2.93,21700000.0,1.0
VCC 1744,100.0,Confirmed,Virgo,15,189.0,12.8,16.5,3.0,90000000.0,0.88
VCC 1910,100.0,Confirmed,Virgo,15,190.2,12.6,16.5,3.8,150000000.0,0.92
VCC 2000,100.0,Confirmed,Virgo,15,187.123,11.456,16.5,2.8,50000000.0,0.85
VCC 2037,100.0,Confirmed,Virgo,15,191.4,12.4,16.5,3.3,110000000.0,0.87
KiDS_UDG_NGC5846_226.33_1.81,100.0,Confirmed,Virgo,16,226.3342,1.8115,26.8,2.267,86000000.0,0.52
AHCJ1359+3726,83.3,Needs Review,Andromeda,-1,13.9939,37.4431,42.0,4.4,269000000.0,
SMDG0015544+280910,83.3,Needs Review,Andromeda,-1,3.977083333333333,28.15277777777778,127.0,3.53,263026799.0,
SMDG0018470+302845,83.3,Needs Review,Andromeda,-1,4.695833333333333,30.479166666666668,78.0,2.74,426579518.0,
SMDG0037442+241228,83.3,Needs Review,Andromeda,-1,9.4341667,24.2077778,63.2,3.6,316227766.0,
And XIX,83.3,Needs Review,Andromeda,5,4.88375,35.0436111,0.93,1.76,6309573.44,
Andromeda XIX,83.3,Needs Review,Andromeda,5,4.89375,35.0447222,0.93,3.1,1600000.0,
AHCJ020345.3+371444-1,83.3,Needs Review,Andromeda,18,30.93875,37.24889,50.0,1.5,234000000.0,
AHCJ020345.3+371444-2,83.3,Needs Review,Andromeda,18,30.92958,37.24528,50.0,3.5,603000000.0,
AHCJ2207+4008,83.3,Needs Review,Andromeda,19,22.1282,40.1478,56.0,9.6,2880000000.0,
AHCJ2216+4024,83.3,Needs Review,Andromeda,19,22.2778,40.4061,55.0,4.7,427000000.0,
AHCJ2239+3832,83.3,Needs Review,Andromeda,19,22.6507,38.5339,53.0,4.6,245000000.0,
[TT 2009]30,83.3,Needs Review,Andromeda,23,35.7279167,42.7125,9.8,1.7,6165950.04,
SMDG0025100+310314,83.3,Needs Review,Andromeda,53,6.291666666666667,31.05388888888889,67.0,1.97,151356124.0,
SMDG0033164+283310,83.3,Needs Review,Andromeda,53,8.318333333333333,28.55277777777778,70.0,2.8,93325430.0,
SMDG2207591-100713,83.3,Needs Review,Aquarius,-1,331.99625,-10.1202778,40.3,1.6,31622776.6,
SMDG2217328-132522,83.3,Needs Review,Aquarius,-1,334.3866667,-13.4227778,22.5,1.7,25118864.32,
SMDG2227407-122104,83.3,Needs Review,Aquarius,-1,336.9195833,-12.3511111,64.9,3.1,125892541.2,
SMDG2235086+011040,83.3,Needs Review,Aquarius,-1,338.7858333,1.1777778,228.2,6.8,1584893192.0,
SMDG2251037-015247,83.3,Needs Review,Aquarius,-1,342.7654167,-1.8797222,40.4,1.2,63095734.45,
SMDG2329214-063209,83.3,Needs Review,Aquarius,-1,352.3391667,-6.5358333,130.6,5.0,630957344.5,
SMDG2343135-083901,83.3,Needs Review,Aquarius,-1,355.80625,-8.6502778,25.4,1.2,31622776.6,
SMDG2104498+002509,83.3,Needs Review,Aquarius,52,316.2075,0.4191667,54.7,1.9,7943282.347,
SMDG2113130+014217,83.3,Needs Review,Aquarius,52,318.3041667,1.7047222,55.8,1.7,50118723.36,
AGC124634,83.3,Needs Review,Aries,-1,35.5229,18.4089,30.6,1.62,602559586.0,
AGC115292,83.3,Needs Review,Aries,8,27.9149,17.2881,34.5,1.67,537031796.0,
AGC 248937,83.3,Needs Review,Boötes,-1,216.4779,12.9189,118.0,4.62,346736850.5,
AGC 749493,83.3,Needs Review,Boötes,-1,226.271,24.034,64.2,4.15,117489755.0,
UGC 9050-Dw1,83.3,Needs Review,Boötes,-1,212.3041667,51.2244444,35.2,6.2,31622776.6,
AGC 249525,83.3,Needs Review,Boötes,5,214.4696,17.5444,1.2,1.32,,0.99
AGC 249565,83.3,Needs Review,Boötes,5,218.9846,17.1678,1.2,0.965,,0.99
AGC181474,83.3,Needs Review,Cancer,-1,121.5521,15.504,30.4,2.16,234422881.0,
AGC749387,83.3,Needs Review,Cancer,-1,126.7348,24.729,34.4,3.15,1659586907.0,
SMDG0833162+280607,83.3,Needs Review,Cancer,-1,128.3175,28.101944444444445,88.0,3.11,147910839.0,
AGC189298,83.3,Needs Review,Cancer,9,133.1097,30.726,31.8,1.57,295120922.0,
AGC198686,83.3,Needs Review,Cancer,9,135.9513,31.7847,30.0,1.21,489778819.0,
AHCJ135938.5+372631,83.3,Needs Review,Canes Venatici,-1,209.91042,37.44194,42.0,4.4,269000000.0,
Ark 227,83.3,Needs Review,Canes Venatici,-1,209.04208,40.30333,35.0,0.23,5000000000.0,
M-161-1,83.3,Needs Review,Canes Venatici,-1,202.473,46.372,81.0,4.1,134896288.0,
NGC 4631dw1,83.3,Needs Review,Canes Venatici,5,190.2375,32.7925,7.4,2.355,19952623.1,
AGC 234932,83.3,Needs Review,Canes Venatici,12,203.78042,31.52167,70.0,2.9,339000000.0,
UGC 8503,83.3,Needs Review,Canes Venatici,12,202.68708,32.76083,67.0,7.6,1910000000.0,
AGC 239039,83.3,Needs Review,Canes Venatici,14,202.67583,29.79278,47.0,3.4,363000000.0,
AGC 239112,83.3,Needs Review,Canes Venatici,14,204.26917,31.89417,48.0,2.9,110000000.0,
UGC 8602,83.3,Needs Review,Canes Venatici,14,204.18958,32.09306,48.0,4.4,490000000.0,
UGC 8605,83.3,Needs Review,Canes Venatici,14,204.225,32.09556,48.0,5.7,575000000.0,
SMDG1312223+312320,83.3,Needs Review,Canes Venatici,49,198.0929,31.3889,107.0,3.0,151356125.0,
AHCJ1308+5437,83.3,Needs Review,Cassiopeia,-1,13.1418,54.6331,42.0,4.8,575400000.0,
Cas III,83.3,Needs Review,Cassiopeia,5,8.9975,51.5597222,0.78,1.8,36307805.48,
KK98a 189,83.3,Needs Review,Centaurus,5,198.18846,-41.83201,3.8,0.284,3019952.0,
dw1312-4218,83.3,Needs Review,Centaurus,5,198.09366,-42.31155,3.8,0.121,147911.0,
dw1312-4244,83.3,Needs Review,Centaurus,5,198.04554,-42.74546,3.8,0.143,223872.0,
dw1312-4246,83.3,Needs Review,Centaurus,5,198.042417,-42.780148,3.8,0.118,776247.0,
dw1313-4211,83.3,Needs Review,Centaurus,5,198.39284,-42.18566,3.8,0.228,1412538.0,
dw1313-4214,83.3,Needs Review,Centaurus,5,198.40167,-42.23558,3.8,0.184,1071519.0,
dw1313-4246,83.3,Needs Review,Centaurus,5,198.178625,-42.780714,3.8,0.102,269153.0,
dw1314-4142,83.3,Needs Review,Centaurus,5,198.6867,-41.70785,3.8,0.074,169824.0,
dw1314-4204,83.3,Needs Review,Centaurus,5,198.53399,-42.06903,3.8,0.085,602560.0,
dw1314-4230,83.3,Needs Review,Centaurus,5,198.59133,-42.51163,3.8,0.112,776247.0,
dw1315-4232,83.3,Needs Review,Centaurus,5,198.76242,-42.53827,3.8,0.16,575440.0,
dw1315-4309,83.3,Needs Review,Centaurus,5,198.89154,-43.15755,3.8,0.115,186209.0,
dw1316-4224,83.3,Needs Review,Centaurus,5,199.17618,-42.40148,3.8,0.272,1995262.0,
dw1317-4255,83.3,Needs Review,Centaurus,5,199.45199,-42.92791,3.8,0.246,354813.0,
dw1318-4233,83.3,Needs Review,Centaurus,5,199.52329,-42.56031,3.8,0.319,407380.0,
dw1319-4203,83.3,Needs Review,Centaurus,5,199.83864,-42.06076,3.8,0.093,660693.0,
Disco Ball,83.3,Needs Review,Cetus,-1,9.652083,-6.701944,45.6,3.3,316227766.0,
Nube,83.3,Needs Review,Cetus,-1,20.8640417,-0.6243972,107.0,6.9,400000000.0,
SMDG0045533-093353,83.3,Needs Review,Cetus,-1,11.4720833,-9.5647222,79.5,3.0,630957344.5,
SMDG0109254-014543,83.3,Needs Review,Cetus,-1,17.3583333,-1.7619444,54.7,3.0,794328234.7,
SMDG0134336+005425,83.3,Needs Review,Cetus,-1,23.64,0.9069444,178.5,3.5,63095734.45,
SMDG0152163-044242,83.3,Needs Review,Cetus,-1,28.0679167,-4.7116667,68.6,6.9,251188643.2,
342,83.3,Needs Review,Cetus,3,36.52391,-5.25631,32.0,1.48,64600000.0,
KUG 0203-Dw1,83.3,Needs Review,Cetus,3,31.44375,-9.84189,26.8,1.5,12589254.117941674,
LSBG-285,83.3,Needs Review,Cetus,3,39.48117,-6.25663,24.6,1.2,27000000.0,
NGC 1084-DF1,83.3,Needs Review,Cetus,3,40.65833,-7.33786,18.5,1.63,193800000.0,
SMDG0126070-020411,83.3,Needs Review,Cetus,3,21.52916666666667,-2.069722222222222,29.0,1.74,60255958.0,
SMDG0127038-082400,83.3,Needs Review,Cetus,3,21.7658333,-8.4,26.9,1.1,19952623.15,
SMDG0145431-084143,83.3,Needs Review,Cetus,3,26.4295833,-8.6952778,25.9,1.2,31622776.6,
SMDG0147005-142556,83.3,Needs Review,Cetus,3,26.7520833,-14.4322222,23.8,1.0,15848931.92,
SMDG0148234-131444,83.3,Needs Review,Cetus,3,27.0975,-13.2455556,23.2,1.0,15848931.92,
SMDG0224231-031059,83.3,Needs Review,Cetus,3,36.09625,-3.1830556,18.7,1.4,39810717.06,
J01:22:31.599-01:37:29.491,83.3,Needs Review,Cetus,28,20.63166,-1.62486,77.7,1.3468,25118864.315,
J01:22:44.406-01:21:05.462,83.3,Needs Review,Cetus,28,20.68503,-1.35152,77.7,1.2376,19952623.149,
J01:22:57.659-01:03:57.566,83.3,Needs Review,Cetus,28,20.74025,-1.06599,77.7,0.9828,25118864.315,
J01:23:09.271-01:28:26.721,83.3,Needs Review,Cetus,28,20.78863,-1.47409,77.7,1.3832,19952623.149,
J01:23:22.943-01:17:38.620,83.3,Needs Review,Cetus,28,20.8456,-1.29406,77.7,1.092,10000000.0,
J01:23:27.773-00:55:21.039,83.3,Needs Review,Cetus,28,20.86572,-0.92251,77.7,1.0192,6309573.445,
J01:23:31.637-01:23:25.319,83.3,Needs Review,Cetus,28,20.88182,-1.39037,77.7,1.092,125892541.179,
J01:23:44.851-01:37:27.984,83.3,Needs Review,Cetus,28,20.93688,-1.62444,77.7,1.3104,31622776.602,
J01:23:47.268-01:17:26.726,83.3,Needs Review,Cetus,28,20.94695,-1.29076,77.7,1.4196,19952623.149,
J01:23:59.643-01:24:43.713,83.3,Needs Review,Cetus,28,20.99851,-1.41214,77.7,1.456,50118723.362,
J01:24:00.601-01:35:15.808,83.3,Needs Review,Cetus,28,21.0025,-1.58772,77.7,1.2376,63095734.455,
J01:24:02.742-01:49:30.931,83.3,Needs Review,Cetus,28,21.01142,-1.82526,77.7,1.1648,50118723.362,
J01:24:06.822-01:42:08.144,83.3,Needs Review,Cetus,28,21.02843,-1.70226,77.7,1.638,25118864.315,
J01:24:09.443-01:34:51.826,83.3,Needs Review,Cetus,28,21.03935,-1.58106,77.7,1.1648,50118723.362,
J01:24:09.514-01:37:19.400,83.3,Needs Review,Cetus,28,21.03964,-1.62206,77.7,1.274,25118864.315,
J01:24:10.378-01:24:03.853,83.3,Needs Review,Cetus,28,21.04324,-1.40107,77.7,1.1648,79432823.472,
J01:24:12.524-01:15:53.605,83.3,Needs Review,Cetus,28,21.05218,-1.26489,77.7,1.1284,79432823.472,
J01:24:16.553-01:24:54.715,83.3,Needs Review,Cetus,28,21.06897,-1.4152,77.7,1.0556,10000000.0,
J01:24:17.177-01:30:07.435,83.3,Needs Review,Cetus,28,21.07157,-1.50207,77.7,1.1648,79432823.472,
J01:24:19.742-01:36:32.984,83.3,Needs Review,Cetus,28,21.08226,-1.60916,77.7,1.0556,50118723.362,
J01:24:24.290-01:41:09.630,83.3,Needs Review,Cetus,28,21.10121,-1.68601,77.7,1.3104,15848931.924,
J01:24:24.399-01:13:30.857,83.3,Needs Review,Cetus,28,21.10166,-1.22524,77.7,1.9656,63095734.455,
J01:24:24.479-01:25:08.939,83.3,Needs Review,Cetus,28,21.102,-1.41915,77.7,1.092,12589254.118,
J01:24:26.226-01:24:45.783,83.3,Needs Review,Cetus,28,21.10927,-1.41272,77.7,2.184,100000000.0,
J01:24:28.295-01:25:03.997,83.3,Needs Review,Cetus,28,21.1179,-1.41778,77.7,1.456,31622776.602,
J01:24:35.281-01:31:10.590,83.3,Needs Review,Cetus,28,21.147,-1.51961,77.7,1.2376,15848931.924,
J01:24:36.340-02:04:22.976,83.3,Needs Review,Cetus,28,21.15142,-2.07305,77.7,2.366,50118723.362,
J01:24:40.652-01:38:11.829,83.3,Needs Review,Cetus,28,21.16939,-1.63662,77.7,1.82,100000000.0,
J01:24:40.794-01:25:25.069,83.3,Needs Review,Cetus,28,21.16998,-1.42363,77.7,0.9464,19952623.149,
J01:24:41.234-01:43:58.390,83.3,Needs Review,Cetus,28,21.17181,-1.73289,77.7,2.6208,39810717.055,
J01:24:41.836-01:15:10.522,83.3,Needs Review,Cetus,28,21.17432,-1.25292,77.7,1.1284,25118864.315,
J01:24:43.896-01:30:26.899,83.3,Needs Review,Cetus,28,21.1829,-1.50747,77.7,0.9464,50118723.362,
J01:24:45.955-02:03:44.573,83.3,Needs Review,Cetus,28,21.19148,-2.06238,77.7,1.274,39810717.055,
J01:24:46.134-00:50:40.281,83.3,Needs Review,Cetus,28,21.19223,-0.84452,77.7,1.9656,31622776.602,
J01:24:47.646-01:02:23.619,83.3,Needs Review,Cetus,28,21.19852,-1.03989,77.7,1.5652,100000000.0,
AGC 226067,83.3,Needs Review,Coma Berenices,-1,187.456,13.789,120.0,6.0,200000000.0,
AGC 229101,83.3,Needs Review,Coma Berenices,-1,188.789,14.012,90.0,4.5,50000000.0,
AGC 235123,83.3,Needs Review,Coma Berenices,-1,194.123,20.89,125.0,7.0,300000000.0,
AGC 237789,83.3,Needs Review,Coma Berenices,-1,196.567,22.456,110.0,5.8,180000000.0,
SMDG1225185+270858,83.3,Needs Review,Coma Berenices,-1,186.3271,27.1494,84.1,2.63,102329299.0,
SMDG1226040+241802,83.3,Needs Review,Coma Berenices,-1,186.5167,24.3006,165.5,4.48,371535229.0,
SMDG1230359+273310,83.3,Needs Review,Coma Berenices,-1,187.64958,27.552778,97.1,3.4,102329299.0,
SMDG1248019+261235,83.3,Needs Review,Coma Berenices,-1,192.00792,26.209722,86.3,3.1,102329299.0,
UGC 8363,83.3,Needs Review,Coma Berenices,-1,199.69292,27.73278,38.0,3.3,813000000.0,
358,83.3,Needs Review,Coma Berenices,4,194.81,28.038,100.0,1.75,125893000.0,
436,83.3,Needs Review,Coma Berenices,4,195.122,27.99,100.0,2.5,54954000.0,
534,83.3,Needs Review,Coma Berenices,4,194.254,27.532,100.0,1.66,60256000.0,
SMDG1251014,83.3,Needs Review,Coma Berenices,4,192.75563,27.798033,100.0,4.99,490000000.0,
SMDG1259562+274812,83.3,Needs Review,Coma Berenices,4,194.98416,27.803333,100.0,2.3,91000000.0,
SMDG1300117+274941,83.3,Needs Review,Coma Berenices,4,195.04875,27.828056,100.0,2.4,124000000.0,
SMDG1300204+274924,83.3,Needs Review,Coma Berenices,4,195.085005,27.823334,100.0,3.0,100000000.0,
Yagi398,83.3,Needs Review,Coma Berenices,4,195.00173,27.80547,100.0,1.34,36000000.0,
ComaP,83.3,Needs Review,Coma Berenices,5,188.0429,20.4231,5.5,1.0,35000000.0,
AGC 229110,83.3,Needs Review,Coma Berenices,11,191.5362,28.7508,112.0,5.26,158489319.0,
SMDG1241424+273353,83.3,Needs Review,Coma Berenices,11,190.4267,27.5647,110.9,3.81,229086765.0,
AGC 236456,83.3,Needs Review,Coma Berenices,13,195.345,21.123,100.0,5.0,100000000.0,
SMDG1301004+210356,83.3,Needs Review,Coma Berenices,13,195.25167,21.065556,100.7,4.2,165958690.0,
KK 180,83.3,Needs Review,Coma Berenices,15,196.1258,17.7589,16.4,1.62,110000000.0,
NGVSJ12:12:21.23+13:44:16.6,83.3,Needs Review,Coma Berenices,15,183.088,13.738,16.5,2.29,26400000.0,
NGVSJ12:23:47.33+13:36:08.3,83.3,Needs Review,Coma Berenices,15,185.947,13.602,16.5,2.04,26800000.0,
NGVSJ12:24:01.84+13:51:56.4,83.3,Needs Review,Coma Berenices,15,186.008,13.866,16.5,2.98,13700000.0,
NGVSJ12:24:36.61+13:36:45.2,83.3,Needs Review,Coma Berenices,15,186.153,13.613,16.5,1.6,7700000.0,
NGVSJ12:26:48.36+13:21:17.7,83.3,Needs Review,Coma Berenices,15,186.702,13.355,16.5,2.06,17300000.0,
NGVSJ12:26:57.00+14:47:52.5,83.3,Needs Review,Coma Berenices,15,186.738,14.798,16.5,2.06,8100000.0,
NGVSJ12:27:15.75+13:26:56.1,83.3,Needs Review,Coma Berenices,15,186.816,13.449,16.5,1.23,11600000.0,
NGVSJ12:28:26.16+15:22:38.6,83.3,Needs Review,Coma Berenices,15,187.109,15.377,16.5,1.19,3700000.0,
NGVSJ12:33:02.20+13:42:14.0,83.3,Needs Review,Coma Berenices,15,188.259,13.704,16.5,2.54,4600000.0,
VCC 1181,83.3,Needs Review,Coma Berenices,15,187.345,15.064,16.5,2.07,33900000.0,
VCC 2188,83.3,Needs Review,Coma Berenices,15,192.0,13.5,16.5,3.6,130000000.0,
VCC 481,83.3,Needs Review,Coma Berenices,15,185.379,15.501,16.5,2.2,55000000.0,
VCC 824,83.3,Needs Review,Coma Berenices,15,186.411,14.151,16.5,2.24,153000000.0,
PEARLSDG,83.3,Needs Review,Coma Berenices,47,183.075,27.59,30.0,0.53,17000000.0,
SMDG1220188+280131,83.3,Needs Review,Coma Berenices,47,185.0792,28.0253,32.6,2.0,32359365.0,
SMDG1315427+311846,83.3,Needs Review,Coma Berenices,49,198.9279,31.3128,106.9,5.85,275422870.0,
NGC 4594-DGSAT-1,83.3,Needs Review,Corvus,5,189.97958,-11.744,10.6,1.67,62800000.0,
J024013-393446,83.3,Needs Review,Eridanus,-1,40.055,-39.579,28.1,1.6,20000000.0,
J032705-211110-UDG,83.3,Needs Review,Eridanus,-1,51.78,-21.184,157.0,5.9,380000000.0,
SMDG0321028-042741,83.3,Needs Review,Eridanus,-1,50.2616667,-4.4613889,55.5,2.3,125892541.2,
SMDG0459164-072243,83.3,Needs Review,Eridanus,-1,74.8183333,-7.3786111,54.0,2.5,158489319.2,
J033402-205037,83.3,Needs Review,Eridanus,26,53.508,-20.845,25.2,1.9,22400000.0,
SMDG 0332252-231233,83.3,Needs Review,Eridanus,26,53.10507,-23.20915,21.0,1.33,54954087.0,
SMDG 0334081-232128,83.3,Needs Review,Eridanus,26,53.53354,-23.35785,21.0,1.09,1995262.0,
SMDG 0335286-230353,83.3,Needs Review,Eridanus,26,53.86915,-23.06482,21.0,1.02,2884032.0,
SMDG 0336039-233707,83.3,Needs Review,Eridanus,26,54.01629,-23.61862,21.0,0.75,10471285.0,
SMDG 0336444-231222,83.3,Needs Review,Eridanus,26,54.18518,-23.2061,21.0,1.14,8912509.0,
SMDG 0337279-231213,83.3,Needs Review,Eridanus,26,54.36616,-23.20352,21.0,0.91,7079458.0,
SMDG 0338261-231711,83.3,Needs Review,Eridanus,26,54.60877,-23.28646,21.0,1.64,10232930.0,
SMDG 0338400-234705,83.3,Needs Review,Eridanus,26,54.66684,-23.78466,21.0,0.98,19498446.0,
SMDG 0338435-231802,83.3,Needs Review,Eridanus,26,54.68114,-23.30051,21.0,1.32,44668359.0,
SMDG 0339260-234204,83.3,Needs Review,Eridanus,26,54.85834,-23.70116,21.0,0.86,6918309.0,
SMDG 0339319-231306,83.3,Needs Review,Eridanus,26,54.88274,-23.21826,21.0,0.76,4786301.0,
SMDG 0340559-235101,83.3,Needs Review,Eridanus,26,55.23296,-23.85031,21.0,0.81,7244359.0,
SMDG 0341202-231539,83.3,Needs Review,Eridanus,26,55.33436,-23.26092,21.0,0.75,18620871.0,
SMDG 0341326-231108,83.3,Needs Review,Eridanus,26,55.38587,-23.1856,21.0,1.18,6456542.0,
SMDG 0341331-230852,83.3,Needs Review,Eridanus,26,55.38812,-23.14772,21.0,0.69,1698244.0,
SMDG 0342478-234626,83.3,Needs Review,Eridanus,26,55.69903,-23.7739,21.0,1.02,13182567.0,
SMDG 0342509-235621,83.3,Needs Review,Eridanus,26,55.7121,-23.9393,21.0,0.57,3388441.0,
SMDG 0345106-232201,83.3,Needs Review,Eridanus,26,56.29428,-23.36689,21.0,0.83,6918309.0,
SMDG0333094-280938,83.3,Needs Review,Fornax,-1,53.2891,-28.1606,55.0,1.65,104712854.0,
FCC 240,83.3,Needs Review,Fornax,26,55.1138,-31.6861,20.0,1.0,81000000.0,
SMDG 0335006-240205,83.3,Needs Review,Fornax,26,53.75237,-24.03474,21.0,1.05,20417379.0,
SMDG 0335396-240610,83.3,Needs Review,Fornax,26,53.9149,-24.10278,21.0,1.01,4265795.0,
SMDG 0335557-240456,83.3,Needs Review,Fornax,26,53.98221,-24.08214,21.0,0.76,20417379.0,
SMDG 0336515-242027,83.3,Needs Review,Fornax,26,54.21476,-24.34079,21.0,0.91,28183829.0,
SMDG 0337349-241754,83.3,Needs Review,Fornax,26,54.39532,-24.2984,21.0,1.15,8912509.0,
AGC 749251,83.3,Needs Review,Gemini,-1,113.7513,26.6589,106.0,3.01,114815362.0,
SMDG0728567+293658,83.3,Needs Review,Gemini,-1,112.23625,29.61611111111111,70.0,3.14,190546072.0,
SMDG0740191+232853,83.3,Needs Review,Gemini,-1,115.07958333333332,23.48138888888889,77.0,2.62,117489755.0,
NGC 7531-UCD1,83.3,Needs Review,Grus,-1,348.6439,-43.6044,22.2,0.014,3700000.0,
SMDG1756253+331055,83.3,Needs Review,Hercules,-1,269.1054167,33.1819444,66.2,4.3,158489319.2,
AGC198540,83.3,Needs Review,Hydra,-1,141.308,3.313,63.3,1.9,140000000.0,
J093302-233940,83.3,Needs Review,Hydra,-1,143.27,-23.668,143.8,4.3,724000000.0,
J102132-213357,83.3,Needs Review,Hydra,-1,155.396,-21.575,45.8,1.6,56200000.0,
J103508-283427,83.3,Needs Review,Hydra,-1,158.785,-28.585,47.4,6.1,100000000.0,
NGC 2708-Dw1,83.3,Needs Review,Hydra,-1,134.0529,-3.4208,40.6,2.6,31622776.6,
WALLABY J104513-262755-UDG-1,83.3,Needs Review,Hydra,-1,161.333,-26.488,61.9,2.8,117489755.0,
KK208,83.3,Needs Review,Hydra,5,204.1479167,-29.5708333,5.01,8.77,512861383.9,
AGC191708,83.3,Needs Review,Hydra,10,145.1132,0.0442,29.3,2.38,933254300.0,
J205043-531619,83.3,Needs Review,Indus,-1,312.678,-53.274,101.3,4.2,174000000.0,
AHCJ220743.8+414343,83.3,Needs Review,Lacerta,-1,331.9325,41.72861,78.0,1.9,324000000.0,
AHCJ224941.0+394852,83.3,Needs Review,Lacerta,-1,342.42083,39.81444,69.0,3.0,347000000.0,
UGC 12005,83.3,Needs Review,Lacerta,-1,335.62583,36.00972,73.0,9.0,4900000000.0,
AHCJ220741.6+400853,83.3,Needs Review,Lacerta,20,331.92333,40.14806,56.0,9.6,2880000000.0,
AHCJ221640.4+402424,83.3,Needs Review,Lacerta,20,334.16833,40.40667,55.0,4.7,427000000.0,
AHCJ223902.0+383211,83.3,Needs Review,Lacerta,20,339.75833,38.53639,53.0,4.6,245000000.0,
AHCJ221800.3+405946,83.3,Needs Review,Lacerta,21,334.50125,40.99611,50.0,1.7,389000000.0,
AHCJ223258.7+393853,83.3,Needs Review,Lacerta,21,338.24458,39.64806,47.0,3.5,603000000.0,
UGC 12027,83.3,Needs Review,Lacerta,21,336.0275,41.25222,48.0,3.4,1020000000.0,
AGC 198457,83.3,Needs Review,Leo,-1,148.25,7.256,97.0,4.35,114815362.0,
AGC 215226,83.3,Needs Review,Leo,-1,175.883,15.043,45.0,1.92,41686938.0,
AGC 219242,83.3,Needs Review,Leo,-1,172.413,7.793,94.1,4.28,218776162.0,
AGC 219533,83.3,Needs Review,Leo,-1,174.9867,16.7214,96.0,3.75,109647819.6,
AGC 729579,83.3,Needs Review,Leo,-1,171.071,25.711,25.4,1.86,10471285.0,
AGC 749223,83.3,Needs Review,Leo,-1,178.688,26.005,45.0,2.18,9549926.0,
Abell 1177,83.3,Needs Review,Leo,-1,167.4296,21.762,136.7,1.45,77625000.0,
MATLAS-951,83.3,Needs Review,Leo,-1,170.132625,3.233222,26.3,2.62,177827941.0,
NGC 3521sat,83.3,Needs Review,Leo,5,166.4195833,0.12083333,10.7,4.065,416869383.6,
dw1046+1244,83.3,Needs Review,Leo,5,161.6915,12.7499,10.2,0.21,230000.0,
dw1055+11,83.3,Needs Review,Leo,5,163.93125,11.96806,10.7,1.78,34000000.0,
dw1117+15,83.3,Needs Review,Leo,5,169.25875,15.17139,10.7,2.04,21500000.0,
AGC 202262,83.3,Needs Review,Leo,10,159.371,12.396,22.0,1.99,19498446.0,
AGC201993,83.3,Needs Review,Leo,10,153.9986,6.8042,25.8,2.17,416869383.0,
J144813-202638,83.3,Needs Review,Libra,-1,222.058,-20.443,58.3,1.9,69200000.0,
J145109-214730,83.3,Needs Review,Libra,-1,222.804,-21.805,48.8,2.4,63100000.0,
NGC 2683-DGSAT-1,83.3,Needs Review,Lynx,-1,133.19917,33.79253,10.2,4.1,234500000.0,
SMDG0455129-031122,83.3,Needs Review,Orion,-1,73.80375,-3.1894444,58.2,2.1,125892541.2,
AGC 321194,83.3,Needs Review,Pegasus,-1,344.267,25.725,16.5,1.54,57543994.0,
AGC 748738,83.3,Needs Review,Pegasus,-1,346.2167,14.0181,56.0,1.9,77624712.0,
AGC312297,83.3,Needs Review,Pegasus,-1,328.2307,13.5611,27.2,1.78,251188643.0,
H95F,83.3,Needs Review,Pegasus,-1,349.8708,9.5586,162.2,3.41,182000000.0,
SMDG2239446+180218,83.3,Needs Review,Pegasus,-1,339.9358333,18.0383333,95.0,4.4,251188643.2,
SMDG2241452+222153,83.3,Needs Review,Pegasus,-1,340.4383333,22.3647222,104.0,3.8,199526231.5,
SMDG2323184+172116,83.3,Needs Review,Pegasus,-1,350.8266667,17.3544444,166.3,5.9,1584893192.0,
SMDG2359282+150125,83.3,Needs Review,Pegasus,-1,359.8675,15.0236111,23.5,1.9,39810717.06,
000306+161829,83.3,Needs Review,Pegasus,1,0.7791,16.3083,16.0,1.34,30100000.0,
NGC 7814-DGSAT-7,83.3,Needs Review,Pegasus,1,0.18333,15.45425,16.0,1.49,14400000.0,
AGC 102276,83.3,Needs Review,Pegasus,7,0.831,25.944,69.6,4.05,223872113.0,
AGC 113816,83.3,Needs Review,Pegasus,7,1.313,24.454,68.7,3.25,104712854.0,
18,83.3,Needs Review,Perseus,0,49.451417,41.310806,72.3,2.0,9000000.0,
19,83.3,Needs Review,Perseus,0,49.471542,41.325528,72.3,1.4,10000000.0,
22,83.3,Needs Review,Perseus,0,49.523125,41.461778,72.3,2.1,36000000.0,
23,83.3,Needs Review,Perseus,0,49.539792,41.342639,72.3,1.0,131825674.0,
24,83.3,Needs Review,Perseus,0,49.5545,41.535639,72.3,1.3,169824365.0,
25,83.3,Needs Review,Perseus,0,49.564333,41.476444,72.3,0.9,91201084.0,
26,83.3,Needs Review,Perseus,0,49.58125,41.323556,72.3,2.3,218776162.0,
27,83.3,Needs Review,Perseus,0,49.586625,41.758139,72.3,2.3,484000000.0,
28,83.3,Needs Review,Perseus,0,49.59025,41.757667,72.3,1.8,141000000.0,
32,83.3,Needs Review,Perseus,0,49.601917,41.307889,72.3,1.5,67000000.0,
33,83.3,Needs Review,Perseus,0,49.60775,41.68525,72.3,1.5,136000000.0,
34,83.3,Needs Review,Perseus,0,49.612167,41.235972,72.3,0.8,78000000.0,
35,83.3,Needs Review,Perseus,0,49.617417,41.663472,72.3,1.9,46000000.0,
36,83.3,Needs Review,Perseus,0,49.621625,41.694139,72.3,1.4,33000000.0,
37,83.3,Needs Review,Perseus,0,49.6265,41.374944,72.3,0.8,40000000.0,
38,83.3,Needs Review,Perseus,0,49.633792,41.464306,72.3,0.9,32000000.0,
40,83.3,Needs Review,Perseus,0,49.638542,41.68225,72.3,1.3,79432823.0,
41,83.3,Needs Review,Perseus,0,49.639875,41.699528,72.3,1.0,33000000.0,
43,83.3,Needs Review,Perseus,0,49.644042,41.405167,72.3,1.3,55000000.0,
45,83.3,Needs Review,Perseus,0,49.650583,41.3665,72.3,2.2,436000000.0,
47,83.3,Needs Review,Perseus,0,49.662333,41.501889,72.3,1.5,8000000.0,
48,83.3,Needs Review,Perseus,0,49.664708,41.658444,72.3,1.0,11000000.0,
49,83.3,Needs Review,Perseus,0,49.666,41.649556,72.3,1.9,63000000.0,
50,83.3,Needs Review,Perseus,0,49.666333,41.335833,72.3,1.5,12000000.0,
51,83.3,Needs Review,Perseus,0,49.672417,41.567028,72.3,1.5,39000000.0,
52,83.3,Needs Review,Perseus,0,49.6775,41.6425,72.3,0.9,141000000.0,
53,83.3,Needs Review,Perseus,0,49.686042,41.568806,72.3,1.2,113000000.0,
54,83.3,Needs Review,Perseus,0,49.687292,41.405667,72.3,1.1,88000000.0,
55,83.3,Needs Review,Perseus,0,49.692333,41.410306,72.3,2.4,22000000.0,
56,83.3,Needs Review,Perseus,0,49.700083,41.233994,72.3,2.3,56000000.0,
65,83.3,Needs Review,Perseus,0,49.782375,41.453361,72.3,0.7,90000000.0,
69,83.3,Needs Review,Perseus,0,49.815417,41.509611,72.3,0.8,18620871.7,
74,83.3,Needs Review,Perseus,0,49.841417,41.45625,72.3,1.7,785000000.0,
77,83.3,Needs Review,Perseus,0,49.8865,41.603556,72.3,1.4,69183097.1,
82,83.3,Needs Review,Perseus,0,49.94025,41.468694,72.3,2.0,5754399373.0,
84,83.3,Needs Review,Perseus,0,49.957083,41.7285,72.3,0.9,220000000.0,
85,83.3,Needs Review,Perseus,0,49.958875,41.415639,72.3,1.3,15135600.0,
86,83.3,Needs Review,Perseus,0,49.960667,41.259278,72.3,0.7,2454708915.0,
89,83.3,Needs Review,Perseus,0,50.000833,41.28475,72.3,1.4,31622800.0,
AGC334349,83.3,Needs Review,Pisces,-1,345.277,1.998,51.1,1.4,82000000.0,
SMDG0015089-031837,83.3,Needs Review,Pisces,-1,3.7870833,-3.3102778,84.2,4.7,158489319.2,
SMDG0015208+200027,83.3,Needs Review,Pisces,-1,3.8366667,20.0075,31.1,1.4,39810717.06,
SMDG0050362+322104,83.3,Needs Review,Pisces,-1,12.650833333333336,32.35111111111111,66.0,4.74,630957344.0,
SMDG0102539+305357,83.3,Needs Review,Pisces,-1,15.7245833,30.8991667,56.0,2.2,125892541.2,
SMDG0136469+034323,83.3,Needs Review,Pisces,-1,24.1954167,3.7230556,22.4,1.5,15848931.92,
SMDG2337078+001240,83.3,Needs Review,Pisces,-1,354.2825,0.2111111,34.7,1.7,100000000.0,
SMDG2338066+003203,83.3,Needs Review,Pisces,-1,354.5275,0.5341667,134.3,5.3,501187233.6,
dw0122+1735,83.3,Needs Review,Pisces,-1,20.4941,17.5761,38.4,1.9,36300000.0,
DGSAT II,83.3,Needs Review,Pisces,3,23.82,14.82,13.0,2.0,100000000.0,
DGSAT III,83.3,Needs Review,Pisces,3,23.85,14.85,13.0,1.8,80000000.0,
DGSAT IV,83.3,Needs Review,Pisces,3,23.88,14.88,13.0,2.2,120000000.0,
DGSAT IX,83.3,Needs Review,Pisces,3,24.03,15.03,13.0,1.7,70000000.0,
DGSAT V,83.3,Needs Review,Pisces,3,23.91,14.91,13.0,1.9,90000000.0,
DGSAT VI,83.3,Needs Review,Pisces,3,23.94,14.94,13.0,2.1,110000000.0,
DGSAT VII,83.3,Needs Review,Pisces,3,23.97,14.97,13.0,2.3,130000000.0,
DGSAT VIII,83.3,Needs Review,Pisces,3,24.0,15.0,13.0,2.0,100000000.0,
DGSAT X,83.3,Needs Review,Pisces,3,24.06,15.06,13.0,2.4,140000000.0,
DGSAT XI,83.3,Needs Review,Pisces,3,24.09,15.09,13.0,1.6,60000000.0,
DGSAT XII,83.3,Needs Review,Pisces,3,24.12,15.12,13.0,2.6,160000000.0,
DGSAT XIII,83.3,Needs Review,Pisces,3,24.15,15.15,13.0,1.4,50000000.0,
DGSAT XIV,83.3,Needs Review,Pisces,3,24.18,15.18,13.0,2.8,180000000.0,
DGSAT XIX,83.3,Needs Review,Pisces,3,24.33,15.33,13.0,0.8,20000000.0,
DGSAT XV,83.3,Needs Review,Pisces,3,24.21,15.21,13.0,1.2,40000000.0,
DGSAT XVI,83.3,Needs Review,Pisces,3,24.24,15.24,13.0,3.0,200000000.0,
DGSAT XVII,83.3,Needs Review,Pisces,3,24.27,15.27,13.0,1.0,30000000.0,
DGSAT XVIII,83.3,Needs Review,Pisces,3,24.3,15.3,13.0,3.2,220000000.0,
DGSAT XX,83.3,Needs Review,Pisces,3,24.36,15.36,13.0,3.4,240000000.0,
AGC100288,83.3,Needs Review,Pisces,6,7.9387,2.7161,32.9,2.38,645654229.0,
AGC102375,83.3,Needs Review,Pisces,6,3.7491,2.58,35.8,1.45,426579518.0,
AGC103435,83.3,Needs Review,Pisces,6,3.8379,1.075,28.5,1.71,12302688.0,
AGC114959,83.3,Needs Review,Pisces,8,22.8283,11.715,34.6,1.47,263026799.0,
SMDG0122562+084025,83.3,Needs Review,Pisces,8,20.7341667,8.6736111,33.3,1.4,63095734.45,
AGC334353,83.3,Needs Review,Pisces,17,345.863,1.704,71.4,2.1,120000000.0,
UVIT J202258.73-441623.8,83.3,Needs Review,Sagittarius,-1,305.744708,-44.273278,41.86,7.57,872000000.0,
Sag dSph,83.3,Needs Review,Sagittarius,5,283.7629167,-30.47833,0.02,2.585,104712854.8,
1249,83.3,Needs Review,Sculptor,-1,3.5816,-30.41289,37.2,2.94,60255960.0,
MATLAS-2103,83.3,Needs Review,Serpens,-1,239.083708,6.188222,35.8,2.62,162181010.0,
AGC258471,83.3,Needs Review,Serpens,16,230.6593,5.8299,28.9,1.77,66069344.0,
MATLAS-585,83.3,Needs Review,Sextans,10,146.454625,-0.54775,27.0,1.51,338844156.0,
SMDG0214097+283647,83.3,Needs Review,Triangulum,-1,33.54041666666667,28.613055555555555,41.0,1.76,83176377.0,
d0226+3325,83.3,Needs Review,Triangulum,23,36.72,33.42694444,9.5,2.46,21877616.8,
J010649-601631,83.3,Needs Review,Tucana,-1,16.708,-60.276,71.4,3.0,107000000.0,
AGC 248945,83.3,Needs Review,Unknown,-1,662.08,9.05,84.0,8.55,331131121.5,
AGC 334315,83.3,Needs Review,Unknown,-1,523.76,9.25,73.0,8.49,85113880.2,
AGC 749290,83.3,Needs Review,Unknown,-1,392.38,9.17,97.0,8.47,208929613.1,
AHCJ130830.2+543756,83.3,Needs Review,Ursa Major,-1,197.12583,54.63222,42.0,4.8,575000000.0,
NGC 3669-DGSAT-2,83.3,Needs Review,Ursa Major,-1,171.20125,57.63278,43.1,1.86,31400000.0,
NGC 5631-Dw1,83.3,Needs Review,Ursa Major,-1,216.5567,56.5306,28.4,2.15,2511886.4,
UGCA 363,83.3,Needs Review,Ursa Major,-1,203.41292,60.38722,32.0,2.9,275000000.0,
GARLAND,83.3,Needs Review,Ursa Major,5,150.925,68.6933333,3.82,2.305,6456542.29,
IKN,83.3,Needs Review,Ursa Major,5,152.0245833,68.3991667,3.75,3.15,39810717.1,
M101,83.3,Needs Review,Ursa Major,5,210.8025,54.3494,6.4,3.6,49300000.0,
CGCG 290-011,83.3,Needs Review,Ursa Major,22,152.60375,58.475,35.0,1.2,407000000.0,
UGC 5480,83.3,Needs Review,Ursa Major,22,152.55667,58.48861,35.0,2.7,692000000.0,
UGC 5541,83.3,Needs Review,Ursa Major,22,154.23,58.38972,37.0,3.6,457000000.0,
NGC 3625-DGSAT-2,83.3,Needs Review,Ursa Major,40,170.34542,57.58058,37.3,1.54,18000000.0,
39,83.3,Needs Review,Virgo,-1,180.11,3.35,72.3,0.8,119000000.0,
46,83.3,Needs Review,Virgo,-1,213.6,-0.38,72.3,0.8,41686938.0,
AGC 122966,83.3,Needs Review,Virgo,-1,186.123,12.345,100.0,5.0,100000000.0,
AGC 223141,83.3,Needs Review,Virgo,-1,190.3,10.933,97.2,5.67,218776162.0,
AGC 238764,83.3,Needs Review,Virgo,-1,204.9063,6.9961,104.0,3.34,114815362.1,
J125311+032639,83.3,Needs Review,Virgo,-1,193.296,3.442,40.2,3.1,95500000.0,
J131132-144033,83.3,Needs Review,Virgo,-1,197.884,-14.676,35.3,2.3,95500000.0,
J131403-120644,83.3,Needs Review,Virgo,-1,198.517,-12.113,95.8,5.4,549500000.0,
J131845-153954,83.3,Needs Review,Virgo,-1,199.69,-15.665,94.1,7.9,234000000.0,
J133424-141834,83.3,Needs Review,Virgo,-1,203.601,-14.311,96.5,3.5,245000000.0,
LSBG-750,83.3,Needs Review,Virgo,-1,179.93146,-0.77271,41.3,1.8,23000000.0,
MATLAS-1794,83.3,Needs Review,Virgo,-1,213.469292,-3.055861,29.0,1.23,25118864.0,
MATLAS-2019,83.3,Needs Review,Virgo,-1,226.3340416667,1.812475,20.0,1.67,86000000.0,
J123308-003203,83.3,Needs Review,Virgo,5,188.283,-0.533,10.4,1.8,51300000.0,
J125956-192430,83.3,Needs Review,Virgo,5,194.983,-19.408,7.3,1.3,6310000.0,
KK176,83.3,Needs Review,Virgo,5,194.9845833,-19.4133333,7.3,1.3,6309573.445,
AGC 242019,83.3,Needs Review,Virgo,15,218.4724,1.4868,12.5,1.5,137000000.0,
J125603+045202,83.3,Needs Review,Virgo,15,194.014,4.867,19.7,1.4,30200000.0,
KiDS_UDG_NGC5576_191.84_1.40,83.3,Needs Review,Virgo,15,191.8478,-1.4049,22.5,1.896,21379621.0,
NGVS 3543,83.3,Needs Review,Virgo,15,191.673875,10.386222,16.5,1.79,12589254.1,
NGVSJ12:18:05.98+07:38:02.6,83.3,Needs Review,Virgo,15,184.525,7.634,16.5,1.79,5000000.0,
NGVSJ12:20:11.38+11:53:56.5,83.3,Needs Review,Virgo,15,185.047,11.899,16.5,1.94,5900000.0,
NGVSJ12:22:03.58+11:43:17.5,83.3,Needs Review,Virgo,15,185.515,11.722,16.5,1.79,27900000.0,
NGVSJ12:26:37.41+09:44:32.0,83.3,Needs Review,Virgo,15,186.656,9.742,16.5,1.21,2500000.0,
NGVSJ12:28:37.88+12:51:42.0,83.3,Needs Review,Virgo,15,187.158,12.862,16.5,2.49,6000000.0,
NGVSJ12:30:08.68+09:42:56.2,83.3,Needs Review,Virgo,15,187.536,9.716,16.5,3.73,286000000.0,
NGVSJ12:30:12.55+09:42:56.3,83.3,Needs Review,Virgo,15,187.552,9.716,16.5,1.49,44700000.0,
NGVSJ12:30:37.30+10:20:53.0,83.3,Needs Review,Virgo,15,187.655,10.348,16.5,4.18,55400000.0,
NGVSJ12:31:48.01+12:21:33.1,83.3,Needs Review,Virgo,15,187.95,12.359,16.5,2.77,3300000.0,
NGVSJ12:32:15.43+11:23:52.6,83.3,Needs Review,Virgo,15,188.064,11.398,16.5,1.61,8900000.0,
NGVSJ12:32:22.52+12:19:32.1,83.3,Needs Review,Virgo,15,188.094,12.326,16.5,5.15,43700000.0,
NGVSJ12:33:51.04+09:04:46.7,83.3,Needs Review,Virgo,15,188.463,9.08,16.5,1.28,3300000.0,
VCC 1421,83.3,Needs Review,Virgo,15,188.054,9.316,16.5,2.18,35200000.0,
VCC 1448,83.3,Needs Review,Virgo,15,187.456,12.123,16.5,2.8,50000000.0,
VCC 1528,83.3,Needs Review,Virgo,15,187.8,12.9,16.5,3.5,120000000.0,
VCC 1551,83.3,Needs Review,Virgo,15,188.565,11.467,16.5,2.02,33900000.0,
VCC 1661,83.3,Needs Review,Virgo,15,187.705,12.346,16.5,3.2,100000000.0,
VCC 169,83.3,Needs Review,Virgo,15,183.982,9.651,16.5,2.51,22900000.0,
VCC 1779,83.3,Needs Review,Virgo,15,187.5,13.0,16.5,3.8,180000000.0,
VCC 1861,83.3,Needs Review,Virgo,15,189.2,12.7,16.5,3.0,90000000.0,
VCC 1964,83.3,Needs Review,Virgo,15,190.8242917,8.9147222,17.0,1.41,20000000.0,
VCC 2008,83.3,Needs Review,Virgo,15,190.0,13.0,16.5,3.8,110000000.0,
VCC 2050,83.3,Needs Review,Virgo,15,190.5,12.5,16.5,2.5,70000000.0,
VCC 2092,83.3,Needs Review,Virgo,15,191.0,13.2,16.5,4.2,180000000.0,
VCC 2140,83.3,Needs Review,Virgo,15,191.5,12.8,16.5,3.1,100000000.0,
VCC 217,83.3,Needs Review,Virgo,15,184.267,10.006,16.5,2.91,78800000.0,
VCC 487,83.3,Needs Review,Virgo,15,185.41,6.283,16.5,1.69,12700000.0,
VCC 707,83.3,Needs Review,Virgo,15,186.054,11.762,16.5,1.79,71600000.0,
VCC 950,83.3,Needs Review,Virgo,15,186.712,11.558,16.5,2.39,123000000.0,
MATLAS-1957,83.3,Needs Review,Virgo,16,225.477958,1.625833,31.3,1.14,100000000.0,
J132030-202723,83.3,Needs Review,Virgo,29,200.128,-20.457,23.3,1.3,29500000.0,
J134247-193454,83.3,Needs Review,Virgo,29,205.696,-19.582,20.2,1.4,20900000.0,
KiDS_UDG_NGC4073_181.03_1.32,83.3,Needs Review,Virgo,35,181.0329,1.3216,87.5,1.556,63000000.0,
KiDS_UDG_NGC4073_181.13_1.41,83.3,Needs Review,Virgo,35,181.1397,1.416,87.5,1.804,63000000.0,
SMDG1337327+090817,66.7,Needs Review,Boötes,15,204.38635,9.13815,14.9,0.58,,
SMDG1337528+085709,66.7,Needs Review,Boötes,15,204.46989,8.95253,14.9,0.39,,
UDGC,66.7,Needs Review,Cancer,-1,136.417,25.42891,42.0,6.3,,
Abell 1697,66.7,Needs Review,Canes Venatici,-1,198.269,46.2646,869.2,,13200000000000.0,
NGC 4258-DF1,66.7,Needs Review,Canes Venatici,5,185.1675,47.0008,15.6,1.2,,
SMDG1214528+474319,66.7,Needs Review,Canes Venatici,5,183.72,47.72185,20.3,0.66,,
SMDG1215038+473833,66.7,Needs Review,Canes Venatici,5,183.7659,47.64263,20.3,2.0,,
SMDG1217358+474748,66.7,Needs Review,Canes Venatici,5,184.39904,47.79678,20.3,0.33,,
SMDG1314090+362001,66.7,Needs Review,Canes Venatici,50,198.53739,36.33372,19.1,0.9,,
SMDG1314205+363412,66.7,Needs Review,Canes Venatici,50,198.58532,36.56995,19.1,1.44,,
SOS 61086,66.7,Needs Review,Centaurus,-1,202.875,-31.78,210.0,,4000000000.0,
dw1315-45,66.7,Needs Review,Centaurus,-1,198.9833,-45.7506,50.0,2.3,,
238,66.7,Needs Review,Cetus,-1,30.263,-6.68032,,1.06,21850000.0,
344,66.7,Needs Review,Cetus,-1,36.67423,-4.07979,,2.29,63500000.0,
370,66.7,Needs Review,Cetus,-1,39.9821,-1.5958,,3.03,45708800.0,
MGTH_J021534.4-042904,66.7,Needs Review,Cetus,-1,33.8933,-4.4844,381.2,3.08,,
MGTH_J022029.4-041207,66.7,Needs Review,Cetus,-1,35.1225,-4.202,82.3,2.64,,
MGTH_J022045.0-050058,66.7,Needs Review,Cetus,-1,35.1875,-5.0161,384.1,4.27,,
MGTH_J022056.9-045917,66.7,Needs Review,Cetus,-1,35.2371,-4.9881,345.9,2.29,,
MGTH_J022058.7-051320,66.7,Needs Review,Cetus,-1,35.2446,-5.2222,291.4,1.78,,
MGTH_J022338.7-042431,66.7,Needs Review,Cetus,-1,35.9113,-4.4086,310.5,2.81,,
MGTH_J022357.0-051918,66.7,Needs Review,Cetus,-1,35.9875,-5.3217,347.7,5.99,,
MGTH_J022522.7-045519,66.7,Needs Review,Cetus,-1,36.3446,-4.922,151.1,4.25,,
SMDG0035569+010149,66.7,Needs Review,Cetus,-1,8.9870833,1.0302778,72.8356,,25118864.0,
SMDG0045200-011839,66.7,Needs Review,Cetus,-1,11.3333333,-1.3108333,77.0895,,25118864.0,
SMDG0108359-002834,66.7,Needs Review,Cetus,-1,17.1495833,-0.4761111,94.2082,,79432823.0,
SMDG0113101-001223,66.7,Needs Review,Cetus,-1,18.2920833,-0.2063889,85.65499,,25118864.0,
317,66.7,Needs Review,Cetus,2,34.64441,-6.20896,103.0,1.2852,,
MGTH_J021808.2-045217,66.7,Needs Review,Cetus,2,34.5342,-4.8714,104.0,1.23,,
MGTH_J022042.1-052115,66.7,Needs Review,Cetus,3,35.1754,-5.3542,30.1,0.72,,
MGTH_J022138.1-052631,66.7,Needs Review,Cetus,3,35.4088,-5.442,25.9,1.35,,
SMDG0240406-082308,66.7,Needs Review,Cetus,3,40.16902,-8.38542,13.5,0.29,,
SMDG0240557-082639,66.7,Needs Review,Cetus,3,40.23225,-8.44416,13.5,0.38,,
UDO-NE,66.7,Needs Review,Cetus,3,40.731875,0.1051389,15.9,4.5,,
UDO-SE,66.7,Needs Review,Cetus,3,40.752,-0.1500278,15.9,2.9,,
UDO-SW,66.7,Needs Review,Cetus,3,40.589875,-0.1125556,15.9,5.4,,
Minkowski's Object,66.7,Needs Review,Cetus,28,21.4517,-1.3717,77.0,,19000000.0,
MGTH_J021625.5-044228,66.7,Needs Review,Cetus,41,34.1063,-4.7078,183.9,1.8,,
MGTH_J021642.0-044221,66.7,Needs Review,Cetus,41,34.175,-4.7058,184.0,5.57,,
MGTH_J021818.0-043234,66.7,Needs Review,Cetus,41,34.575,-4.5428,184.9,2.49,,
MGTH_J022026.3-045912,66.7,Needs Review,Cetus,41,35.1096,-4.9867,183.7,2.75,,
MGTH_J022051.9-045832,66.7,Needs Review,Cetus,41,35.2163,-4.9756,189.1,3.34,,
MGTH_J022117.8-045040,66.7,Needs Review,Cetus,41,35.3242,-4.8444,187.8,2.2,,
MGTH_J022332.2-044928,66.7,Needs Review,Cetus,41,35.8842,-4.8244,192.9,5.53,,
MGTH_J022350.6-045045,66.7,Needs Review,Cetus,41,35.9608,-4.8458,190.1,10.79,,
MGTH_J022400.9-044943,66.7,Needs Review,Cetus,41,36.0038,-4.8286,190.1,2.65,,
MGTH_J022429.6-044037,66.7,Needs Review,Cetus,41,36.1233,-4.677,190.1,6.29,,
MGTH_J021645.4-042035,66.7,Needs Review,Cetus,42,34.1892,-4.3431,389.9,7.61,,
MGTH_J021848.1-045028,66.7,Needs Review,Cetus,42,34.7004,-4.8411,391.0,7.53,,
MGTH_J021724.3-043322,66.7,Needs Review,Cetus,43,34.3513,-4.5561,140.9,1.72,,
MGTH_J021759.3-041634,66.7,Needs Review,Cetus,43,34.4971,-4.2761,138.6,6.74,,
MGTH_J022011.5-051047,66.7,Needs Review,Cetus,44,35.0479,-5.1797,225.9,1.94,,
MGTH_J022358.3-050756,66.7,Needs Review,Cetus,44,35.9929,-5.1322,227.2,2.67,,
MGTH_J022110.7-050630,66.7,Needs Review,Cetus,45,35.2946,-5.1083,177.9,1.75,,
MGTH_J022443.4-045158,66.7,Needs Review,Cetus,45,36.1808,-4.8661,176.8,2.62,,
SMDG0055526-011739,66.7,Needs Review,Cetus,54,13.9691667,-1.2941667,85.65499,,31622776.6,
SMDG0058071-010201,66.7,Needs Review,Cetus,54,14.5295833,-1.0336111,89.9377,,100000000.0,
SMDG1256054+273018,66.7,Needs Review,Coma Berenices,-1,194.022495,27.505,160.0,2.4,,
COMA_12_3266,66.7,Needs Review,Coma Berenices,4,195.17593,28.164309,100.0,1.84,,
COMA_12_4296,66.7,Needs Review,Coma Berenices,4,195.2982,28.145302,100.0,2.11,,
COMA_12_5647,66.7,Needs Review,Coma Berenices,4,195.48859,28.138306,100.0,1.73,,
COMA_13_6651,66.7,Needs Review,Coma Berenices,4,195.3371,28.539967,100.0,1.7,,
COMA_14_1859,66.7,Needs Review,Coma Berenices,4,195.21524,28.871029,100.0,2.41,,
COMA_14_3083,66.7,Needs Review,Coma Berenices,4,195.15186,28.930553,100.0,1.91,,
COMA_22_4042,66.7,Needs Review,Coma Berenices,4,194.72652,28.08718,100.0,1.64,,
COMA_22_4410,66.7,Needs Review,Coma Berenices,4,195.06532,28.029459,100.0,1.5,,
COMA_22_4600,66.7,Needs Review,Coma Berenices,4,194.71304,28.13771,100.0,1.58,,
COMA_22_4735,66.7,Needs Review,Coma Berenices,4,194.77484,27.97042,100.0,1.56,,
COMA_22_5227,66.7,Needs Review,Coma Berenices,4,194.9666,27.82323,100.0,1.71,,
COMA_22_6931,66.7,Needs Review,Coma Berenices,4,194.78117,28.13321,100.0,1.73,,
COMA_23_2058,66.7,Needs Review,Coma Berenices,4,194.72876,28.65372,100.0,2.3,,
COMA_23_5706,66.7,Needs Review,Coma Berenices,4,194.8023,28.353645,100.0,1.8,,
COMA_24_3717,66.7,Needs Review,Coma Berenices,4,194.97047,28.7967,100.0,1.5,,
COMA_30_2126,66.7,Needs Review,Coma Berenices,4,194.51813,27.056221,100.0,2.1,,
COMA_30_3930,66.7,Needs Review,Coma Berenices,4,194.60199,26.745077,100.0,1.58,,
COMA_30_4629,66.7,Needs Review,Coma Berenices,4,194.23543,27.045115,100.0,1.48,,
COMA_31_3861,66.7,Needs Review,Coma Berenices,4,194.49976,27.619015,100.0,1.74,,
COMA_31_5314,66.7,Needs Review,Coma Berenices,4,194.59314,27.38581,100.0,1.53,,
COMA_32_3240,66.7,Needs Review,Coma Berenices,4,194.50377,27.88233,100.0,2.08,,
COMA_32_3906,66.7,Needs Review,Coma Berenices,4,194.32854,28.154984,100.0,1.53,,
COMA_32_4544,66.7,Needs Review,Coma Berenices,4,194.46745,28.105352,100.0,1.58,,
COMA_32_6911,66.7,Needs Review,Coma Berenices,4,194.60907,27.867151,100.0,1.55,,
COMA_33_2937,66.7,Needs Review,Coma Berenices,4,194.4494,28.542898,100.0,2.03,,
COMA_34_4521,66.7,Needs Review,Coma Berenices,4,194.25638,28.87275,100.0,1.58,,
COMA_41_3676,66.7,Needs Review,Coma Berenices,4,193.95773,27.398582,100.0,2.04,,
COMA_41_4570,66.7,Needs Review,Coma Berenices,4,193.86931,27.684788,100.0,1.55,,
COMA_42_3597,66.7,Needs Review,Coma Berenices,4,193.80339,27.786472,100.0,1.62,,
SMDG1255567+273017,66.7,Needs Review,Coma Berenices,4,193.986255,27.504722,100.0,3.0,,
SMDG1256142+273321,66.7,Needs Review,Coma Berenices,4,194.059155,27.555833,100.0,2.5,,
SMDG1256352+273507,66.7,Needs Review,Coma Berenices,4,194.146665,27.585277,100.0,2.4,,
SMDG1259153+274514,66.7,Needs Review,Coma Berenices,4,194.813745,27.753889,100.0,2.1,,
SMDG1300121+274823,66.7,Needs Review,Coma Berenices,4,195.050415,27.806389,100.0,2.3,,
Yagi767,66.7,Needs Review,Coma Berenices,4,193.996458,27.4315,100.0,2.37,,
Yagi781,66.7,Needs Review,Coma Berenices,4,194.117875,27.603194,100.0,1.64,,
SMDG1222096+153910,66.7,Needs Review,Coma Berenices,15,185.53988,15.65282,15.2,1.11,,
SMDG1222537+160000,66.7,Needs Review,Coma Berenices,15,185.72376,16.00001,15.2,0.37,,
SMDG1222554+153335,66.7,Needs Review,Coma Berenices,15,185.73087,15.55973,15.2,0.74,,
SMDG1223051+155555,66.7,Needs Review,Coma Berenices,15,185.77118,15.93186,15.2,0.93,,
SMDG1248031+134329,66.7,Needs Review,Coma Berenices,15,192.01308,13.72468,15.0,1.26,,
SMDG1248294+134819,66.7,Needs Review,Coma Berenices,15,192.12234,13.80532,15.0,0.55,,
Totoro,66.7,Needs Review,Draco,-1,258.84314,57.43529,138.0,3.2,,
SMDG1504281+554100,66.7,Needs Review,Draco,46,226.1169,55.68306,14.1,0.25,,
SMDG1504500+553844,66.7,Needs Review,Draco,46,226.20822,55.64542,14.1,0.8,,
SMDG1505300+555200,66.7,Needs Review,Draco,46,226.37487,55.86672,14.1,2.58,,
SMDG1505523+553200,66.7,Needs Review,Draco,46,226.46812,55.53341,14.1,0.4,,
SMDG1507165+552829,66.7,Needs Review,Draco,46,226.81866,55.47484,14.1,0.43,,
SMDG1508054+555216,66.7,Needs Review,Draco,46,227.02246,55.871,14.1,0.31,,
SMDG1514241+562934,66.7,Needs Review,Draco,46,228.6005,56.49267,16.5,0.3,,
SMDG1514553+561124,66.7,Needs Review,Draco,46,228.73041,56.19002,16.5,0.34,,
SMDG1515425+564216,66.7,Needs Review,Draco,46,228.92694,56.70454,16.5,0.29,,
SMDG1515436+561925,66.7,Needs Review,Draco,46,228.93171,56.32362,16.5,0.5,,
SMDG1516240+562637,66.7,Needs Review,Draco,46,229.09993,56.44363,16.5,0.47,,
SMDG1516500+561315,66.7,Needs Review,Draco,46,229.20851,56.22097,16.5,0.28,,
SMDG1551357+621734,66.7,Needs Review,Draco,46,237.89891,62.29272,19.0,1.44,,
KiDS_UDG_Fornax_51.72_35.51,66.7,Needs Review,Fornax,31,51.7249,-35.5178,26.8,2.029,,
KiDS_UDG_Fornax_52.11_33.73,66.7,Needs Review,Fornax,31,52.1181,-33.7348,26.8,1.614,,
KiDS_UDG_Fornax_53.58_35.36,66.7,Needs Review,Fornax,31,53.5841,-35.3624,26.8,1.456,,
KiDS_UDG_Fornax_53.92_35.51,66.7,Needs Review,Fornax,31,53.9281,-35.5142,26.8,1.743,,
KiDS_UDG_Fornax_53.98_34.82,66.7,Needs Review,Fornax,31,53.982,-34.8283,26.8,1.863,,
KiDS_UDG_IC1860_41.93_31.05,66.7,Needs Review,Fornax,32,41.9304,-31.0538,96.5,3.212,,
KiDS_UDG_IC1860_42.19_31.52,66.7,Needs Review,Fornax,32,42.191,-31.5262,96.5,2.011,,
IC1459_UDG1,66.7,Needs Review,Grus,-1,344.5962083,-36.9830556,28.7,1.46,,
LSBG-378,66.7,Needs Review,Hydra,-1,137.273,4.995,,10.3,229086765.0,
NGC 3785,66.7,Needs Review,Leo,-1,174.8870458,26.3022722,131.8,,660693448.0,
ACG 215415,66.7,Needs Review,Leo,5,171.1417,12.675,10.4,1.41,,
KK 96,66.7,Needs Review,Leo,5,162.6125,12.3594,10.4,1.45,,
SMDG1046186+115918,66.7,Needs Review,Leo,5,161.5776,11.98846,11.2,0.18,,
SMDG1046302+114522,66.7,Needs Review,Leo,5,161.62565,11.75619,11.2,0.51,,
SMDG1047059+115243,66.7,Needs Review,Leo,5,161.77454,11.87855,11.2,0.42,,
SMDG1115343+143132,66.7,Needs Review,Leo,5,168.89298,14.52549,11.3,0.31,,
dw1051+11,66.7,Needs Review,Leo,5,162.7625,11.0203,10.4,2.82,,
SMDG1101447+285507,66.7,Needs Review,Leo Minor,5,165.4363,28.9187,13.6,0.37,,
SMDG0858542+443744,66.7,Needs Review,Lynx,55,134.72591,44.62899,30.2,1.29,,
SMDG0900028+445524,66.7,Needs Review,Lynx,55,135.01159,44.92331,30.2,0.69,,
PEG J231956+081253.7,66.7,Needs Review,Pegasus,48,349.98333,8.21492,50.8,0.66,,
PEG J232023+081331.4,66.7,Needs Review,Pegasus,48,350.09583,8.22539,50.8,2.08,,
PEG J232024+081209.0,66.7,Needs Review,Pegasus,48,350.1,8.2025,50.8,1.88,,
PEG J232037+081336.6,66.7,Needs Review,Pegasus,48,350.15417,8.22683,50.8,0.58,,
29,66.7,Needs Review,Perseus,0,49.597208,41.750167,72.3,2.2,,
30,66.7,Needs Review,Perseus,0,49.5975,41.602139,72.3,0.7,,
31,66.7,Needs Review,Perseus,0,49.601333,41.291861,72.3,4.1,,
57,66.7,Needs Review,Perseus,0,49.701792,41.676417,72.3,2.4,,
58,66.7,Needs Review,Perseus,0,49.711417,41.385861,72.3,1.0,,
59,66.7,Needs Review,Perseus,0,49.726333,41.258111,72.3,1.1,,
60,66.7,Needs Review,Perseus,0,49.73075,41.297222,72.3,1.0,,
61,66.7,Needs Review,Perseus,0,49.7475,41.420944,72.3,1.0,,
62,66.7,Needs Review,Perseus,0,49.747583,41.521861,72.3,1.4,,
63,66.7,Needs Review,Perseus,0,49.75625,41.649722,72.3,1.1,,
64,66.7,Needs Review,Perseus,0,49.774292,41.542889,72.3,1.1,,
66,66.7,Needs Review,Perseus,0,49.788833,41.697694,72.3,0.9,,
67,66.7,Needs Review,Perseus,0,49.803167,41.725,72.3,1.1,,
68,66.7,Needs Review,Perseus,0,49.812542,41.375472,72.3,0.9,,
70,66.7,Needs Review,Perseus,0,49.816083,41.518278,72.3,1.4,,
71,66.7,Needs Review,Perseus,0,49.81675,41.76275,72.3,1.4,,
72,66.7,Needs Review,Perseus,0,49.823042,41.211472,72.3,1.5,,
73,66.7,Needs Review,Perseus,0,49.824292,41.563444,72.3,1.0,,
75,66.7,Needs Review,Perseus,0,49.846083,41.388,72.3,2.1,,
76,66.7,Needs Review,Perseus,0,49.846333,41.649639,72.3,1.5,,
78,66.7,Needs Review,Perseus,0,49.890833,41.609028,72.3,1.1,,
79,66.7,Needs Review,Perseus,0,49.913292,41.201556,72.3,1.8,,
80,66.7,Needs Review,Perseus,0,49.913417,41.22875,72.3,1.3,,
81,66.7,Needs Review,Perseus,0,49.933458,41.655111,72.3,2.7,,
83,66.7,Needs Review,Perseus,0,49.947708,41.735917,72.3,1.2,,
87,66.7,Needs Review,Perseus,0,49.989208,41.492,72.3,0.9,,
88,66.7,Needs Review,Perseus,0,49.99625,41.309194,72.3,2.2,,
R116,66.7,Needs Review,Perseus,0,49.4417,41.5032,75.0,0.96,,
R117,66.7,Needs Review,Perseus,0,49.5158,41.4524,75.0,0.91,,
AGC 103796,66.7,Needs Review,Pisces,-1,5.165,6.9658,80.0,3.9,,
AGC 113790,66.7,Needs Review,Pisces,-1,18.2587,27.6369,69.0,2.9,,
AGC 114943,66.7,Needs Review,Pisces,-1,26.7775,7.3311,116.0,4.8,,
SMDG0006543-000029,66.7,Needs Review,Pisces,-1,1.72625,-0.0080556,77.0895,,31622776.6,
SMDG0025396+011515,66.7,Needs Review,Pisces,-1,6.415,1.2541667,81.2936,,31622776.6,
Triangulum IV,66.7,Needs Review,Pisces,5,22.162208,30.984333,0.932,1.749,,
AGC 322019,66.7,Needs Review,Pisces,17,344.6121,1.8497,72.0,3.9,,
PEG J232037+080934.3,66.7,Needs Review,Pisces,48,350.15417,8.15953,50.8,1.24,,
PEG J232038+081046.9,66.7,Needs Review,Pisces,48,350.15833,8.17969,50.8,0.67,,
PEG J232049+080806.2,66.7,Needs Review,Pisces,48,350.20417,8.13506,50.8,0.73,,
PEG J232054+080838.8,66.7,Needs Review,Pisces,48,350.225,8.14411,50.8,0.99,,
SMDG0016502-002756,66.7,Needs Review,Pisces,51,4.2091667,-0.4655556,89.9377,,100000000.0,
SMDG0021031+004447,66.7,Needs Review,Pisces,51,5.2629167,0.7463889,94.2082,,79432823.0,
KiDS_UDG_ESO466-021_329.75_28.44,66.7,Needs Review,Pisces Austrinus,-1,329.7547,-28.4454,100.8,3.096,,
KiDS_UDG_IC5157_330.40_35.22,66.7,Needs Review,Pisces Austrinus,33,330.4094,-35.2232,64.1,1.743,,
KiDS_UDG_IC5157_330.70_34.75,66.7,Needs Review,Pisces Austrinus,33,330.7037,-34.7567,64.1,1.462,,
KiDS_UDG_IC5157_330.72_34.90,66.7,Needs Review,Pisces Austrinus,33,330.7258,-34.9,64.1,1.879,,
KiDS_UDG_IC5157_330.96_35.20,66.7,Needs Review,Pisces Austrinus,33,330.9632,-35.2004,64.1,1.325,,
KiDS_UDG_NGC7176_330.10_31.78,66.7,Needs Review,Pisces Austrinus,37,330.1037,-31.786,36.4,1.577,,
KiDS_UDG_NGC7176_330.56_32.84,66.7,Needs Review,Pisces Austrinus,37,330.5658,-32.8489,36.4,1.408,,
KiDS_UDG_NGC7176_330.58_31.57,66.7,Needs Review,Pisces Austrinus,37,330.5837,-31.5786,36.4,1.415,,
KiDS_UDG_NGC7176_331.36_31.55,66.7,Needs Review,Pisces Austrinus,37,331.3604,-31.5593,36.4,1.404,,
KiDS_UDG_NGC7176_331.79_31.07,66.7,Needs Review,Pisces Austrinus,37,331.7972,-31.0796,36.4,1.818,,
KiDS_UDG_NGC7176_331.81_32.20,66.7,Needs Review,Pisces Austrinus,37,331.8153,-32.207,36.4,1.528,,
1675,66.7,Needs Review,Sculptor,-1,3.59833,-30.41287,,2.05,17378008.0,
1916,66.7,Needs Review,Sculptor,-1,3.5842,-30.41006,,1.9,74131024.0,
2494,66.7,Needs Review,Sculptor,-1,3.60566,-30.40536,,2.82,218776162.0,
3073,66.7,Needs Review,Sculptor,-1,3.61693,-30.40145,,2.86,208929613.0,
3396,66.7,Needs Review,Sculptor,-1,3.59815,-30.3989,,3.85,75857758.0,
3626,66.7,Needs Review,Sculptor,-1,3.60776,-30.39523,,2.1,44668359.0,
3637,66.7,Needs Review,Sculptor,-1,3.57268,-30.39634,,1.93,190546072.0,
3896,66.7,Needs Review,Sculptor,-1,3.60125,-30.39521,,1.88,48977882.0,
4426,66.7,Needs Review,Sculptor,-1,3.57906,-30.38928,,2.06,323593657.0,
4512,66.7,Needs Review,Sculptor,-1,3.61281,-30.39049,,2.07,72443596.0,
4692,66.7,Needs Review,Sculptor,-1,3.5773,-30.38628,,1.8,35481339.0,
4720,66.7,Needs Review,Sculptor,-1,3.5898,-30.38792,,2.89,52480746.0,
4812,66.7,Needs Review,Sculptor,-1,3.6084,-30.38727,,2.75,120226443.0,
5026,66.7,Needs Review,Sculptor,-1,3.57398,-30.38495,,1.64,11481536.0,
5444,66.7,Needs Review,Sculptor,-1,3.58341,-30.38218,,1.83,12589254.0,
5869,66.7,Needs Review,Sculptor,-1,3.60999,-30.37962,,3.42,165958687.0,
6641,66.7,Needs Review,Sculptor,-1,3.60298,-30.3723,,2.03,147910839.0,
A2744clu0112,66.7,Needs Review,Sculptor,-1,3.5817,-30.4312,1530.0,2.0,,
NGC150-UDG1,66.7,Needs Review,Sculptor,-1,8.5645,-27.8036,20.9,3.9,,
KiDS_UDG_NGC0439_18.56_32.48,66.7,Needs Review,Sculptor,25,18.5622,-32.4841,83.1,1.839,,
KiDS_UDG_NGC0439_18.6032.46,66.7,Needs Review,Sculptor,25,18.6007,-32.462,83.1,1.74,,
KiDS_UDG_NGC0439_18.63_32.19,66.7,Needs Review,Sculptor,25,18.6397,-32.1925,83.1,1.702,,
KiDS_UDG_NGC0439_18.67_32.20,66.7,Needs Review,Sculptor,25,18.6717,-32.2038,83.1,3.515,,
KiDS_UDG_NGC0439_19.01_31.76,66.7,Needs Review,Sculptor,25,19.0112,-31.7601,83.1,1.733,,
dw0009-25,66.7,Needs Review,Sculptor,27,2.4075,-25.049222,7.67,0.283,,
dw0010-25,66.7,Needs Review,Sculptor,27,2.659167,-25.334944,7.67,1.069,,
KiDS_UDG_IC5358_356.70_28.12,66.7,Needs Review,Sculptor,34,356.706,-28.124,123.0,2.582,,
KiDS_UDG_IC5358_356.78_28.24,66.7,Needs Review,Sculptor,34,356.7852,-28.2484,123.0,3.567,,
KiDS_UDG_NGC7507_347.06_28.18,66.7,Needs Review,Sculptor,38,347.0601,-28.183,22.9,1.457,,
KiDS_UDG_NGC7507_347.969_28.92,66.7,Needs Review,Sculptor,38,347.9699,-28.926,22.9,1.513,,
dw100000-074116,66.7,Needs Review,Sextans,5,150.0035458,-7.6880278,9.7,0.61262,,
dw100053-082223,66.7,Needs Review,Sextans,5,150.2230917,-8.3731167,9.7,0.1565,,
dw100054-083149,66.7,Needs Review,Sextans,5,150.2288583,-8.5304722,9.7,0.25713,,
dw100136-075230,66.7,Needs Review,Sextans,5,150.4041458,-7.8751361,9.7,0.36497,,
dw100158-085117,66.7,Needs Review,Sextans,5,150.4922542,-8.8549167,9.7,0.43855,,
dw100201-081836,66.7,Needs Review,Sextans,5,150.5043875,-8.3101667,9.7,0.22673,,
dw100216-075729,66.7,Needs Review,Sextans,5,150.5707375,-7.9582806,9.7,0.09621,,
dw100356-064527,66.7,Needs Review,Sextans,5,150.98525,-6.7577389,9.7,0.27342,,
dw100407-064747,66.7,Needs Review,Sextans,5,151.0297125,-6.7964056,9.7,0.20351,,
dw100454-064231,66.7,Needs Review,Sextans,5,151.2258583,-6.7088028,9.7,0.40294,,
dw100512-073256,66.7,Needs Review,Sextans,5,151.3000167,-7.5491556,9.7,0.10682,,
dw100532-063420,66.7,Needs Review,Sextans,5,151.3867042,-6.5723333,9.7,0.19079,,
dw100535-074459,66.7,Needs Review,Sextans,5,151.3960708,-7.7498083,9.7,0.87511,,
dw100539-082337,66.7,Needs Review,Sextans,5,151.4153667,-8.3936889,9.7,0.06361,,
dw100553-075248,66.7,Needs Review,Sextans,5,151.4739958,-7.8802694,9.7,0.08995,,
dw1006009-082426,66.7,Needs Review,Sextans,5,151.5384542,-8.4073222,9.7,0.10893,,
dw100612-073002,66.7,Needs Review,Sextans,5,151.5526083,-7.5006694,9.7,0.42276,,
dw100626-073257,66.7,Needs Review,Sextans,5,151.6110083,-7.5492806,9.7,0.45237,,
dw100633-073033,66.7,Needs Review,Sextans,5,151.64,-7.5091806,9.7,0.2954,,
dw100634-082819,66.7,Needs Review,Sextans,5,151.645075,-8.4719806,9.7,0.06606,,
dw100649-082105,66.7,Needs Review,Sextans,5,151.7048125,-8.3514556,9.7,0.09127,,
dw100720-071547,66.7,Needs Review,Sextans,5,151.8342833,-7.2631972,9.7,0.55102,,
dw100955-071929,66.7,Needs Review,Sextans,5,152.4812208,-7.3249139,9.7,0.15814,,
dw101023-065948,66.7,Needs Review,Sextans,5,152.5996417,-6.9966667,9.7,0.15444,,
AGC 113949,66.7,Needs Review,Triangulum,-1,27.4108,30.6808,102.0,3.4,,
GAMA 526784,66.7,Needs Review,Unknown,-1,,,40.0,2.5,173780000.0,0.93
MATLAS-1824,66.7,Needs Review,Unknown,-1,,,38.8,2.93,20417000.0,0.6429
Holmberg IX,66.7,Needs Review,Ursa Major,5,149.383125,69.046,3.6,,4000000.0,
SMDG1126214+434408,66.7,Needs Review,Ursa Major,5,171.58937,43.73553,16.8,0.78,,
SMDG1126532+432749,66.7,Needs Review,Ursa Major,5,171.72158,43.46373,16.8,0.4,,
SMDG1132312+470704,66.7,Needs Review,Ursa Major,5,173.12985,47.11774,13.6,0.44,,
SMDG1152340+370702,66.7,Needs Review,Ursa Major,5,178.14169,37.11711,13.8,0.62,,
SMDG1155345+551658,66.7,Needs Review,Ursa Major,5,178.89382,55.28269,20.8,0.42,,
SMDG1155406+552155,66.7,Needs Review,Ursa Major,5,178.91909,55.3652,20.8,1.21,,
SMDG1156093+551556,66.7,Needs Review,Ursa Major,5,179.03881,55.2655,20.8,0.76,,
SMDG1158469+473107,66.7,Needs Review,Ursa Major,5,179.69539,47.51862,17.9,0.54,,
LSBG-490,66.7,Needs Review,Virgo,-1,181.933,1.172,,4.7,144543977.0,
KDG 218,66.7,Needs Review,Virgo,15,196.4329,-7.7589,22.0,2.52,,
KiDS_UDG_NGC4636_188.23_3.36,66.7,Needs Review,Virgo,15,188.2329,3.3605,17.5,1.682,,
KiDS_UDG_NGC4636_190.46_2.74,66.7,Needs Review,Virgo,15,190.466,2.7446,17.5,1.516,,
KiDS_UDG_NGC4636_191.23_2.29,66.7,Needs Review,Virgo,15,191.2318,2.2959,17.5,1.414,,
KiDS_UDG_NGC4636_191.82_1.72,66.7,Needs Review,Virgo,15,191.82201,-1.7203,17.5,1.412,,
KiDS_UDG_NGC4636_192.50_3.21,66.7,Needs Review,Virgo,15,192.5062,3.2154,17.5,1.678,,
KiDS_UDG_NGC5576_191.98_2.54,66.7,Needs Review,Virgo,15,191.9899,-2.5431,22.5,1.649,,
KiDS_UDG_NGC5576_192.05_0.83,66.7,Needs Review,Virgo,15,192.0504,-0.8391,22.5,1.412,,
KiDS_UDG_NGC5576_192.23_0.78,66.7,Needs Review,Virgo,15,192.2392,-0.78,22.5,1.4,,
SMDG1220588+085156,66.7,Needs Review,Virgo,15,185.24491,8.86568,20.0,1.39,,
SMDG1222266+084719,66.7,Needs Review,Virgo,15,185.61079,8.7887,20.0,1.51,,
SMDG1222421+085000,66.7,Needs Review,Virgo,15,185.67536,8.83311,20.0,1.46,,
SMDG1222509+085408,66.7,Needs Review,Virgo,15,185.71224,8.90232,20.0,1.16,,
SMDG1222512+085046,66.7,Needs Review,Virgo,15,185.71333,8.8462,20.0,0.8,,
KiDS_UDG_NGC5846_223.85_1.03,66.7,Needs Review,Virgo,16,223.8568,1.03,26.8,1.739,,
KiDS_UDG_NGC5846_224.61_1.54,66.7,Needs Review,Virgo,16,224.6193,1.5422,26.8,1.434,,
KiDS_UDG_NGC5846_225.83_1.43,66.7,Needs Review,Virgo,16,225.8391,1.4308,26.8,1.576,,
KiDS_UDG_NGC5846_226.07_1.75,66.7,Needs Review,Virgo,16,226.0799,1.755,26.8,1.593,,
MATLAS-1938,66.7,Needs Review,Virgo,16,225.137583,2.230778,25.0,1.57,,
KiDS_UDG_NGC4073_180.58_2.26,66.7,Needs Review,Virgo,35,180.5874,2.2665,87.5,2.152,,
KiDS_UDG_NGC4073_180.66_1.83,66.7,Needs Review,Virgo,35,180.6606,1.8314,87.5,1.888,,
KiDS_UDG_NGC4073_180.84_1.79,66.7,Needs Review,Virgo,35,180.8461,1.79,87.5,1.916,,
KiDS_UDG_NGC4073_180.86_1.40,66.7,Needs Review,Virgo,35,180.8698,1.4058,87.5,2.216,,
KiDS_UDG_NGC4073_180.88_1.80,66.7,Needs Review,Virgo,35,180.8865,1.803,87.5,2.64,,
KiDS_UDG_NGC4073_180.92_1.93,66.7,Needs Review,Virgo,35,180.9242,1.9327,87.5,2.296,,
KiDS_UDG_NGC4073_181.03_1.58,66.7,Needs Review,Virgo,35,181.0309,1.5832,87.5,2.784,,
KiDS_UDG_NGC4073_181.04_1.87,66.7,Needs Review,Virgo,35,181.0409,1.8736,87.5,1.888,,
KiDS_UDG_NGC4073_181.17_1.45,66.7,Needs Review,Virgo,35,181.17,1.4507,87.5,1.72,,
KiDS_UDG_NGC4073_181.24_1.95,66.7,Needs Review,Virgo,35,181.2471,1.9554,87.5,1.86,,
KiDS_UDG_NGC4073_181.24_1.98,66.7,Needs Review,Virgo,35,181.247,1.9873,87.5,1.888,,
KiDS_UDG_NGC4073_181.35_1.92,66.7,Needs Review,Virgo,35,181.352,1.9237,87.5,2.176,,
KiDS_UDG_NGC4073_181.78_1.90,66.7,Needs Review,Virgo,35,181.7882,1.9005,87.5,1.824,,
KiDS_UDG_NGC4690_214.81_3.12,66.7,Needs Review,Virgo,36,214.8123,3.1243,40.1,1.568,,
KiDS_UDG_NGC4690_215.51_3.58,66.7,Needs Review,Virgo,36,215.5182,3.5866,40.1,1.642,,
KiDS_UDG_NGC4690_217.02_3.18,66.7,Needs Review,Virgo,36,217.029,3.1863,40.1,1.447,,
KiDS_UDG_NGC4690_217.71_3.20,66.7,Needs Review,Virgo,36,217.7127,3.2068,40.1,1.568,,
KiDS_UDG_UGC07813_189.78_0.14,66.7,Needs Review,Virgo,39,189.7877,0.1446,100.8,3.919,,
KiDS_UDG_UGC07813_189.91_0.82,66.7,Needs Review,Virgo,39,189.9156,0.8249,100.8,2.778,,
KiDS_UDG_UGC07813_189.94_0.04,66.7,Needs Review,Virgo,39,189.9486,0.0408,100.8,4.766,,
KiDS_UDG_UGC07813_190.20_0.44,66.7,Needs Review,Virgo,39,190.2022,0.4496,100.8,3.427,,
M0717clu1415,50.0,Needs Review,Auriga,-1,109.3851,37.7338,,3.09,,
SMDG0914401+283036,50.0,Needs Review,Cancer,-1,138.66708,28.51,,2.8,,
SMDG1240530+321655,50.0,Needs Review,Canes Venatici,-1,190.220835,32.281945,,4.6,,
SMDG1313189+312452,50.0,Needs Review,Canes Venatici,-1,198.328755,31.414444,,2.3,,
SMDG1335454+281225,50.0,Needs Review,Canes Venatici,-1,203.93916,28.206944,,4.0,,
KK220,50.0,Needs Review,Canes Venatici,5,206.9016,33.20611,11.1,,,
KK198,50.0,Needs Review,Centaurus,-1,200.7333,-33.5725,50.0,,,
003414-081008,50.0,Needs Review,Cetus,-1,8.5585,-8.1691,,1.04,,
003637-082457,50.0,Needs Review,Cetus,-1,9.1542,-8.416,,0.71,,
004103-210808,50.0,Needs Review,Cetus,-1,10.2636,-21.1356,,0.38,,
005124-065818,50.0,Needs Review,Cetus,-1,12.8526,-6.9719,,0.45,,
005733-040804,50.0,Needs Review,Cetus,-1,14.3901,-4.1345,,0.97,,
005914-075715,50.0,Needs Review,Cetus,-1,14.8103,-7.9544,,0.68,,
005916-073511,50.0,Needs Review,Cetus,-1,14.8192,-7.5867,,0.45,,
005949-071341,50.0,Needs Review,Cetus,-1,14.9559,-7.2281,,0.48,,
010149-073750,50.0,Needs Review,Cetus,-1,15.4583,-7.6308,,1.08,,
010339-061053,50.0,Needs Review,Cetus,-1,15.9145,-6.1814,,1.18,,
338,50.0,Needs Review,Cetus,-1,36.37673,-5.04815,40.0,,,
DES J0125.5+0145,50.0,Needs Review,Cetus,-1,21.3014,1.7794,72.32,,,
SMDG2334535+011226,50.0,Needs Review,Cetus,-1,23.581528,1.207222,,1.15,,
330,50.0,Needs Review,Cetus,3,35.51138,-2.65082,16.5,,,
LEDA 4014647,50.0,Needs Review,Cetus,3,39.70206,-8.04938,17.7,,,
NGC 1035,50.0,Needs Review,Cetus,3,39.87145,-8.13328,13.8,,,
SMDG1221086+292921,50.0,Needs Review,Coma Berenices,-1,185.285835,29.489166,,1.4,,
SMDG1245277+181801,50.0,Needs Review,Coma Berenices,-1,191.36541,18.300278,,2.5,,
SMDG1304536+274252,50.0,Needs Review,Coma Berenices,-1,196.22334,27.714444,,4.1,,
SMDG1306148+275941,50.0,Needs Review,Coma Berenices,-1,196.56,27.99,,1.5,,
NGC5907,50.0,Needs Review,Draco,46,228.9729,56.3306,14.9,,,
M0416clu1090,50.0,Needs Review,Eridanus,-1,64.0126,-24.0899,,1.66,,
DES J0338.1-1835,50.0,Needs Review,Eridanus,26,54.9388,-18.4712,23.41,,,
DES J0335.6-3521,50.0,Needs Review,Fornax,26,53.9377,-35.3133,18.97,,,
FCC 229,50.0,Needs Review,Fornax,26,54.347,-34.9,20.0,,,
Abell S1063,50.0,Needs Review,Grus,-1,342.183208,-44.530872,,1.86,,
RXCJ1714.3+4341,50.0,Needs Review,Hercules,-1,258.5775,43.6897,117.8,,,
M1149clu0324,50.0,Needs Review,Leo,-1,177.4102,22.3731,,2.4,,
MATLAS-607,50.0,Needs Review,Leo,-1,149.90075,11.774833,41.0,,,
MATLAS-631,50.0,Needs Review,Leo,-1,151.500792,13.058833,145.0,,,
Abell 779,50.0,Needs Review,Lynx,-1,139.955,33.7603,99.0,,,
000033+165423,50.0,Needs Review,Pegasus,-1,0.1392,16.9065,,0.52,,
000044+152725,50.0,Needs Review,Pegasus,-1,0.1855,15.4572,,0.68,,
000222+160140,50.0,Needs Review,Pegasus,-1,0.5929,16.0279,,0.27,,
000248+163546,50.0,Needs Review,Pegasus,-1,0.7041,16.5962,,0.57,,
000250+163742,50.0,Needs Review,Pegasus,-1,0.7105,16.6284,,0.88,,
000324+161111,50.0,Needs Review,Pegasus,-1,0.8508,16.1865,,0.93,,
000417+204430,50.0,Needs Review,Pegasus,-1,1.0715,20.7419,,0.99,,
000844+143529,50.0,Needs Review,Pegasus,-1,2.1856,14.5916,,0.99,,
Abell 2634,50.0,Needs Review,Pegasus,-1,359.6071,27.0125,133.7,,,
DES J0039.6-5558,50.0,Needs Review,Phoenix,-1,9.8888,-55.9649,120.23,,,
DES J0107.5-4644,50.0,Needs Review,Phoenix,24,16.8965,-46.7418,102.03,,,
DES J0110.0-4556,50.0,Needs Review,Phoenix,24,17.4972,-45.9398,106.61,,,
001746+113147,50.0,Needs Review,Pisces,-1,4.442,11.5299,,0.65,,
DES J0039.6-0143,50.0,Needs Review,Pisces,-1,9.8887,3.1829,62.81,,,
SMDG0014598+023448,50.0,Needs Review,Pisces,-1,0.249944,2.58,,10.33,,
SMDG0031454+024256,50.0,Needs Review,Pisces,-1,0.529278,2.715556,,2.41,,
SMDG0032359+000652,50.0,Needs Review,Pisces,-1,0.543306,0.114444,,5.27,,
SMDG0058555+003627,50.0,Needs Review,Pisces,-1,0.982083,0.6075,,4.45,,
SMDG0107238+010008,50.0,Needs Review,Pisces,-1,1.123278,1.002222,,3.04,,
002922-332302,50.0,Needs Review,Sculptor,-1,7.3456,-33.3839,,0.38,,
003102-331613,50.0,Needs Review,Sculptor,-1,7.7622,-33.2705,,1.18,,
003155-331600,50.0,Needs Review,Sculptor,-1,7.9815,-33.2668,,1.14,,
003258-324548,50.0,Needs Review,Sculptor,-1,8.2426,-32.7636,,0.66,,
003351-275024,50.0,Needs Review,Sculptor,-1,8.4651,-27.8401,,2.16,,
003506-280306,50.0,Needs Review,Sculptor,-1,8.7789,-28.0518,,1.45,,
004434-314204,50.0,Needs Review,Sculptor,-1,11.1453,-31.7013,,0.23,,
004643-313058,50.0,Needs Review,Sculptor,-1,11.6808,-31.5163,,0.61,,
005236-310921,50.0,Needs Review,Sculptor,-1,13.1524,-31.1561,,0.71,,
005249-305753,50.0,Needs Review,Sculptor,-1,13.2051,-30.9648,,0.32,,
DES J0113.9-3142,50.0,Needs Review,Sculptor,25,18.4983,-31.7043,84.8,,,
MATLAS-2094,50.0,Needs Review,Serpens,-1,238.3115,0.709722,30.6,,,
NGC 3115,50.0,Needs Review,Sextans,5,151.3083,-7.7167,9.4,,,
MATLAS-646,50.0,Needs Review,Sextans,10,153.373417,3.448667,21.8,,,
112,50.0,Needs Review,Unknown,-1,,,72.0,1.53,54954000.0,
367,50.0,Needs Review,Unknown,-1,,,100.0,1.48,38018900.0,
374,50.0,Needs Review,Unknown,-1,,,97.65,1.01,21850000.0,
386,50.0,Needs Review,Unknown,-1,,,16.5,1.93,125893000.0,
395,50.0,Needs Review,Unknown,-1,,,16.5,0.69,5495400.0,
412,50.0,Needs Review,Unknown,-1,,,103.0,0.88,13803800.0,
421,50.0,Needs Review,Unknown,-1,,,16.5,0.74,7244400.0,
424,50.0,Needs Review,Unknown,-1,,,72.0,1.36,5011870.0,
425,50.0,Needs Review,Unknown,-1,,,97.65,3.11,26302700.0,
99,50.0,Needs Review,Unknown,-1,,,2.65,2.09,16595900.0,
AGC215423,50.0,Needs Review,Unknown,-1,,,91.8,6.48,107151930.0,
AGC233768,50.0,Needs Review,Unknown,-1,,,115.2,4.25,275422870.0,
AGC238976,50.0,Needs Review,Unknown,-1,,,105.4,7.67,239883292.0,
AGC241923,50.0,Needs Review,Unknown,-1,,,86.7,3.6,562341325.0,
AGC721966,50.0,Needs Review,Unknown,-1,,,78.9,0.6,389050000.0,
Antlia II,50.0,Needs Review,Unknown,-1,,,0.132,2.9,880000.0,
EDwC-0141,50.0,Needs Review,Unknown,-1,,,72.0,1.73,20400000.0,
EDwC-0791,50.0,Needs Review,Unknown,-1,,,72.0,1.06,16982437.0,
J125848.94+281037.1,50.0,Needs Review,Unknown,-1,,,100.0,1.5,50160000.0,
LSBG-575,50.0,Needs Review,Unknown,-1,,,29.5,1.6,26000000.0,
MATLAS-1059,50.0,Needs Review,Unknown,-1,,,33.0,3.02,69200000.0,
MATLAS-1154,50.0,Needs Review,Unknown,-1,,,24.6,1.47,25118864.0,
MATLAS-1174,50.0,Needs Review,Unknown,-1,,,38.0,2.56,37200000.0,
MATLAS-1205,50.0,Needs Review,Unknown,-1,,,39.2,1.89,20417000.0,
MATLAS-1216,50.0,Needs Review,Unknown,-1,,,39.0,1.63,28200000.0,
MATLAS-1225,50.0,Needs Review,Unknown,-1,,,19.0,1.38,20000000.0,
MATLAS-1245,50.0,Needs Review,Unknown,-1,,,31.5,2.13,20417000.0,
MATLAS-1246,50.0,Needs Review,Unknown,-1,,,37.2,2.7,77625000.0,
MATLAS-1248,50.0,Needs Review,Unknown,-1,,,37.2,2.7,77625000.0,
MATLAS-1262,50.0,Needs Review,Unknown,-1,,,32.0,1.75,77600000.0,
MATLAS-1274,50.0,Needs Review,Unknown,-1,,,37.2,2.56,77625000.0,
MATLAS-1302,50.0,Needs Review,Unknown,-1,,,37.0,1.75,12000000.0,
MATLAS-1321,50.0,Needs Review,Unknown,-1,,,37.2,1.96,204173794.0,
MATLAS-1332,50.0,Needs Review,Unknown,-1,,,37.2,1.71,177827941.0,
MATLAS-1337,50.0,Needs Review,Unknown,-1,,,19.1,2.15,20417000.0,
MATLAS-138,50.0,Needs Review,Unknown,-1,,,37.5,1.7,165958690.0,
MATLAS-1400,50.0,Needs Review,Unknown,-1,,,17.4,1.31,50118723.0,
MATLAS-1408,50.0,Needs Review,Unknown,-1,,,14.3,1.68,138038421.0,
MATLAS-1412,50.0,Needs Review,Unknown,-1,,,16.5,1.26,33884416.0,
MATLAS-1413,50.0,Needs Review,Unknown,-1,,,41.0,3.52,70800000.0,
MATLAS-1437,50.0,Needs Review,Unknown,-1,,,16.5,1.4,38904514.0,
MATLAS-1470,50.0,Needs Review,Unknown,-1,,,16.5,1.13,74131024.0,
MATLAS-1485,50.0,Needs Review,Unknown,-1,,,16.5,1.25,44668359.0,
MATLAS-149,50.0,Needs Review,Unknown,-1,,,37.0,2.0,17800000.0,
MATLAS-1493,50.0,Needs Review,Unknown,-1,,,40.2,1.86,20417000.0,
MATLAS-1530,50.0,Needs Review,Unknown,-1,,,39.6,1.62,16982437.0,
MATLAS-1534,50.0,Needs Review,Unknown,-1,,,40.0,0.98,44700000.0,
MATLAS-1539,50.0,Needs Review,Unknown,-1,,,39.6,1.53,83176377.0,
MATLAS-1545,50.0,Needs Review,Unknown,-1,,,39.6,1.85,21877616.0,
MATLAS-1550,50.0,Needs Review,Unknown,-1,,,32.0,1.59,29500000.0,
MATLAS-1558,50.0,Needs Review,Unknown,-1,,,32.0,2.13,21400000.0,
MATLAS-1577,50.0,Needs Review,Unknown,-1,,,31.5,1.14,26302680.0,
MATLAS-1589,50.0,Needs Review,Unknown,-1,,,30.0,1.7,12900000.0,
MATLAS-1606,50.0,Needs Review,Unknown,-1,,,37.1,1.73,77625000.0,
MATLAS-1615,50.0,Needs Review,Unknown,-1,,,37.1,2.85,20417000.0,
MATLAS-1616,50.0,Needs Review,Unknown,-1,,,30.0,2.45,53700000.0,
MATLAS-1618,50.0,Needs Review,Unknown,-1,,,30.3,1.06,14125375.0,
MATLAS-1630,50.0,Needs Review,Unknown,-1,,,30.0,1.91,19100000.0,
MATLAS-1647,50.0,Needs Review,Unknown,-1,,,37.0,1.33,9120000.0,
MATLAS-1662,50.0,Needs Review,Unknown,-1,,,37.1,1.27,42657952.0,
MATLAS-1667,50.0,Needs Review,Unknown,-1,,,30.0,1.12,54954087.0,
MATLAS-1740,50.0,Needs Review,Unknown,-1,,,25.8,1.32,5248075.0,
MATLAS-177,50.0,Needs Review,Unknown,-1,,,22.0,1.69,30900000.0,
MATLAS-1779,50.0,Needs Review,Unknown,-1,,,39.0,2.68,81300000.0,
MATLAS-1801,50.0,Needs Review,Unknown,-1,,,38.8,1.29,29512092.0,
MATLAS-1847,50.0,Needs Review,Unknown,-1,,,23.2,1.73,20417000.0,
MATLAS-1855,50.0,Needs Review,Unknown,-1,,,23.2,1.3,20417000.0,
MATLAS-1865,50.0,Needs Review,Unknown,-1,,,27.0,1.44,26900000.0,
MATLAS-1888,50.0,Needs Review,Unknown,-1,,,27.0,1.47,30902954.0,
MATLAS-1907,50.0,Needs Review,Unknown,-1,,,24.0,1.49,35500000.0,
MATLAS-1975,50.0,Needs Review,Unknown,-1,,,26.0,1.64,38000000.0,
MATLAS-1985,50.0,Needs Review,Unknown,-1,,,26.0,1.94,91200000.0,
MATLAS-1991,50.0,Needs Review,Unknown,-1,,,25.2,1.53,77625000.0,
MATLAS-1996,50.0,Needs Review,Unknown,-1,,,21.8,1.56,20417000.0,
MATLAS-2021,50.0,Needs Review,Unknown,-1,,,22.0,1.86,12000000.0,
MATLAS-2069,50.0,Needs Review,Unknown,-1,,,25.2,1.29,11481536.0,
MATLAS-207,50.0,Needs Review,Unknown,-1,,,35.3,0.94,13803842.0,
MATLAS-2176,50.0,Needs Review,Unknown,-1,,,23.2,1.92,131825674.0,
MATLAS-2184,50.0,Needs Review,Unknown,-1,,,29.0,1.33,30200000.0,
MATLAS-262,50.0,Needs Review,Unknown,-1,,,30.0,1.36,25100000.0,
MATLAS-290,50.0,Needs Review,Unknown,-1,,,38.4,1.58,125892541.0,
MATLAS-347,50.0,Needs Review,Unknown,-1,,,12.3,1.32,18620871.0,
MATLAS-365,50.0,Needs Review,Unknown,-1,,,31.0,0.75,13200000.0,
MATLAS-368,50.0,Needs Review,Unknown,-1,,,31.0,2.63,17000000.0,
MATLAS-401,50.0,Needs Review,Unknown,-1,,,35.1,1.83,177827941.0,
MATLAS-405,50.0,Needs Review,Unknown,-1,,,28.0,2.31,43700000.0,
MATLAS-478,50.0,Needs Review,Unknown,-1,,,22.0,2.02,112000000.0,
MATLAS-524,50.0,Needs Review,Unknown,-1,,,27.0,1.61,56234133.0,
MATLAS-627,50.0,Needs Review,Unknown,-1,,,45.8,1.7,46773514.0,
MATLAS-658,50.0,Needs Review,Unknown,-1,,,33.0,1.99,24500000.0,
MATLAS-682,50.0,Needs Review,Unknown,-1,,,40.8,1.22,8709636.0,
MATLAS-787,50.0,Needs Review,Unknown,-1,,,24.5,1.14,14125375.0,
MATLAS-799,50.0,Needs Review,Unknown,-1,,,25.0,2.0,74100000.0,
MATLAS-898,50.0,Needs Review,Unknown,-1,,,20.0,1.33,22400000.0,
MATLAS-976,50.0,Needs Review,Unknown,-1,,,26.3,1.21,22908677.0,
MATLAS-984,50.0,Needs Review,Unknown,-1,,,33.0,1.49,21900000.0,
MATLAS-987,50.0,Needs Review,Unknown,-1,,,32.7,1.32,46773514.0,
R-127-1,50.0,Needs Review,Unknown,-1,,,75.0,4.2,320000000.0,
Sagittarius dSph,50.0,Needs Review,Unknown,-1,,,0.02,2.6,132000000.0,
VCC 1017,50.0,Needs Review,Unknown,-1,,,16.5,4.29,335000000.0,
VCC 811,50.0,Needs Review,Unknown,-1,,,16.5,2.71,73000000.0,
WLM,50.0,Needs Review,Unknown,-1,,,0.93,2.11,41000000.0,
g1.90e10,50.0,Needs Review,Unknown,-1,,,16.5,1.36,12050000.0,
Abell 1314,50.0,Needs Review,Ursa Major,-1,173.7104,49.0578,140.2,,,
NGC 3079,50.0,Needs Review,Ursa Major,-1,150.491,55.68,18.68,,,
MATLAS-991,50.0,Needs Review,Ursa Major,40,170.7145,56.9153,33.4,,,
RXCJ1223.1+1037,50.0,Needs Review,Virgo,-1,185.7771,10.4572,109.7,,,
RXCJ1204.4+0154,50.0,Needs Review,Virgo,35,181.105,1.9006,85.7,,,
16983,33.3,Low Confidence,Aquarius,-1,336.23,-0.38,,,,
MACSJ0717.5+3745,33.3,Low Confidence,Auriga,-1,109.385958,37.749917,,,,
Dw1459+44,33.3,Low Confidence,Boötes,-1,224.91,44.6731,,,,
UGC9893sat,33.3,Low Confidence,Boötes,-1,233.2142,46.4319,,,,
Dw1155+78,33.3,Low Confidence,Camelopardalis,-1,178.9758,78.0789,,,,
Dw1234+76,33.3,Low Confidence,Camelopardalis,-1,188.5971,76.7261,,,,
SMDG0956+82,33.3,Low Confidence,Camelopardalis,-1,149.0542,82.89,,,,
Dw1339+39,33.3,Low Confidence,Canes Venatici,-1,204.9379,39.1358,,,,
SMDG1241+35,33.3,Low Confidence,Canes Venatici,-1,190.2958,35.1961,,,,
SMDG1243448+323203,33.3,Low Confidence,Canes Venatici,-1,190.94,32.54,,,,
SMDG1313187+312453,33.3,Low Confidence,Canes Venatici,-1,198.34,31.42,,,,
SMDG1320482+314822,33.3,Low Confidence,Canes Venatici,-1,200.2,31.8,,,,
SMDG1333170+281431,33.3,Low Confidence,Canes Venatici,-1,203.32,28.24,,,,
SMDG1340312+282659,33.3,Low Confidence,Canes Venatici,-1,205.13,28.45,,,,
SMDG1345+33,33.3,Low Confidence,Canes Venatici,-1,206.2958,33.1919,,,,
10225,33.3,Low Confidence,Cetus,-1,29.23,-4.41,,,,
14697,33.3,Low Confidence,Cetus,-1,32.76,-4.89,,,,
1505,33.3,Low Confidence,Cetus,-1,29.09,1.04,,,,
242,33.3,Low Confidence,Cetus,-1,30.34874,-6.82286,,,,
261,33.3,Low Confidence,Cetus,-1,31.59058,-6.39757,,,,
265,33.3,Low Confidence,Cetus,-1,32.27289,-6.30735,,,,
307,33.3,Low Confidence,Cetus,-1,33.81903,-6.42413,,,,
309,33.3,Low Confidence,Cetus,-1,34.17093,-3.51542,,,,
315,33.3,Low Confidence,Cetus,-1,34.27163,-3.56117,,,,
321,33.3,Low Confidence,Cetus,-1,35.34326,-5.42328,,,,
327,33.3,Low Confidence,Cetus,-1,35.36102,-5.43343,,,,
328,33.3,Low Confidence,Cetus,-1,35.44907,-5.65036,,,,
334,33.3,Low Confidence,Cetus,-1,36.33909,-5.5587,,,,
337,33.3,Low Confidence,Cetus,-1,36.3633,-4.96164,,,,
4322,33.3,Low Confidence,Cetus,-1,36.44,-3.21,,,,
61766250,33.3,Low Confidence,Cetus,-1,30.1112,-9.24769,,,,
62011325,33.3,Low Confidence,Cetus,-1,29.9449,-6.78979,,,,
62053525,33.3,Low Confidence,Cetus,-1,29.8595,-16.8586,,,,
62071354,33.3,Low Confidence,Cetus,-1,29.8342,-17.1604,,,,
62227622,33.3,Low Confidence,Cetus,-1,29.5063,-13.3511,,,,
62371677,33.3,Low Confidence,Cetus,-1,29.6675,-5.35506,,,,
62840965,33.3,Low Confidence,Cetus,-1,30.1905,-6.18018,,,,
63527438,33.3,Low Confidence,Cetus,-1,30.1134,-4.56234,,,,
64480503,33.3,Low Confidence,Cetus,-1,29.4619,-23.0107,,,,
64560481,33.3,Low Confidence,Cetus,-1,30.0521,-5.09785,,,,
64697654,33.3,Low Confidence,Cetus,-1,29.5818,-8.50243,,,,
730,33.3,Low Confidence,Cetus,-1,34.15,-2.12,,,,
7629,33.3,Low Confidence,Cetus,-1,29.16,-1.82,,,,
962,33.3,Low Confidence,Cetus,-1,33.67,-4.57,,,,
9754,33.3,Low Confidence,Cetus,-1,33.34,-2.88,,,,
SMDG0220-00,33.3,Low Confidence,Cetus,-1,35.2008,-0.465,,,,
SMDG0223-02,33.3,Low Confidence,Cetus,-1,35.8279,-2.0569,,,,
SMDG1212080+281630,33.3,Low Confidence,Coma Berenices,-1,183.033401,28.275014,,,,
SMDG1212084+290349,33.3,Low Confidence,Coma Berenices,-1,183.035145,29.063514,,,,
SMDG1212454+273507,33.3,Low Confidence,Coma Berenices,-1,183.18935,27.585352,,,,
SMDG1213061+294549,33.3,Low Confidence,Coma Berenices,-1,183.275309,29.76371,,,,
SMDG1213219+293401,33.3,Low Confidence,Coma Berenices,-1,183.341232,29.56681,,,,
SMDG1213235+264641,33.3,Low Confidence,Coma Berenices,-1,183.347943,26.77799,,,,
SMDG1213512+282109,33.3,Low Confidence,Coma Berenices,-1,183.463343,28.352505,,,,
SMDG1214010+293203,33.3,Low Confidence,Coma Berenices,-1,183.504356,29.534183,,,,
SMDG1214279+294034,33.3,Low Confidence,Coma Berenices,-1,183.616139,29.675991,,,,
SMDG1214419+274955,33.3,Low Confidence,Coma Berenices,-1,183.674463,27.831858,,,,
SMDG1221+28,33.3,Low Confidence,Coma Berenices,-1,185.4571,28.52,,,,
SMDG1223447+295951,33.3,Low Confidence,Coma Berenices,-1,185.94,30.0,,,,
SMDG1225264+311647,33.3,Low Confidence,Coma Berenices,-1,186.36,31.28,,,,
SMDG1228115+290105,33.3,Low Confidence,Coma Berenices,-1,187.04,29.02,,,,
SMDG1230455+264650,33.3,Low Confidence,Coma Berenices,-1,187.69,26.79,,,,
SMDG1237294+204442,33.3,Low Confidence,Coma Berenices,-1,189.37,20.74,,,,
SMDG1249412+270646,33.3,Low Confidence,Coma Berenices,-1,192.42,27.11,,,,
SMDG1251456+305429,33.3,Low Confidence,Coma Berenices,-1,192.94,30.9,,,,
SMDG1256265+285929,33.3,Low Confidence,Coma Berenices,-1,194.11,28.99,,,,
SMDG1307463+291231,33.3,Low Confidence,Coma Berenices,-1,196.94,29.21,,,,
SMDG1315427+311847,33.3,Low Confidence,Coma Berenices,-1,198.93,31.31,,,,
Dw1709+74,33.3,Low Confidence,Draco,-1,257.44,74.1789,,,,
Dw1735+57,33.3,Low Confidence,Draco,-1,263.8942,57.8131,,,,
64773733,33.3,Low Confidence,Eridanus,-1,29.0012,-50.2462,,,,
MACSJ0416.1-2403,33.3,Low Confidence,Eridanus,-1,64.034917,-24.072444,,,,
62646182,33.3,Low Confidence,Fornax,-1,30.4643,-24.0018,,,,
62830903,33.3,Low Confidence,Fornax,-1,29.9594,-28.8656,,,,
63262376,33.3,Low Confidence,Fornax,-1,30.2929,-24.9787,,,,
63922768,33.3,Low Confidence,Fornax,-1,29.5244,-32.7958,,,,
64868340,33.3,Low Confidence,Fornax,-1,29.3394,-23.8729,,,,
Dw1559+46,33.3,Low Confidence,Hercules,-1,239.7608,46.3944,,,,
Dw1645+46,33.3,Low Confidence,Hercules,-1,251.4521,46.79,,,,
10447,33.3,Low Confidence,Hydra,-1,138.69,3.35,,,,
4198,33.3,Low Confidence,Hydra,-1,138.41,3.29,,,,
4312,33.3,Low Confidence,Hydra,-1,133.65,0.64,,,,
Dw0852-0210,33.3,Low Confidence,Hydra,-1,133.1479,-2.1781,,,,
61456395,33.3,Low Confidence,Hydrus,-1,29.7062,-60.4882,,,,
61580602,33.3,Low Confidence,Hydrus,-1,30.3125,-58.1927,,,,
63037584,33.3,Low Confidence,Hydrus,-1,28.9741,-59.5261,,,,
63097874,33.3,Low Confidence,Hydrus,-1,29.3755,-61.1452,,,,
63113174,33.3,Low Confidence,Hydrus,-1,29.1535,-61.4326,,,,
11853,33.3,Low Confidence,Leo,-1,172.28,0.61,,,,
1961,33.3,Low Confidence,Leo,-1,171.84,0.14,,,,
4995,33.3,Low Confidence,Leo,-1,167.77,1.09,,,,
6545,33.3,Low Confidence,Leo,-1,170.69,0.46,,,,
MACSJ1149.5+2223,33.3,Low Confidence,Leo,-1,177.39875,22.398536,,,,
SDSS J113939.59+262036.6,33.3,Low Confidence,Leo,-1,174.9149583,26.3435,,,,
SMDG1110+18,33.3,Low Confidence,Leo,-1,167.7292,18.9811,,,,
13527,33.3,Low Confidence,Libra,-1,221.83,-1.26,,,,
Sumo Puff,33.3,Low Confidence,Libra,-1,222.3131,-0.70188094,,,,
SMDG0740+40,33.3,Low Confidence,Lynx,-1,115.0958,40.5489,,,,
SPT-CL J2031-4037,33.3,Low Confidence,Microscopium,-1,307.9645833,-40.6205556,,,,
6922,33.3,Low Confidence,Pegasus,-1,336.65,5.19,,,,
63716543,33.3,Low Confidence,Phoenix,-1,30.0657,-39.5446,,,,
11537,33.3,Low Confidence,Pisces,-1,351.09,0.32,,,,
11934,33.3,Low Confidence,Pisces,-1,353.86,1.06,,,,
17332,33.3,Low Confidence,Pisces,-1,349.52,1.97,,,,
3365,33.3,Low Confidence,Pisces,-1,0.96,2.07,,,,
61508029,33.3,Low Confidence,Pisces,-1,29.925,4.60483,,,,
61638403,33.3,Low Confidence,Pisces,-1,29.9539,4.75811,,,,
61638933,33.3,Low Confidence,Pisces,-1,29.4862,4.74468,,,,
61712539,33.3,Low Confidence,Pisces,-1,30.2824,5.28992,,,,
Dw0010-0112,33.3,Low Confidence,Pisces,-1,2.61,-1.205,,,,
UDG_0.627707_-30.6654,33.3,Low Confidence,Sculptor,-1,0.627707,-30.6654,,,,
UDG_0.726513_-33.999,33.3,Low Confidence,Sculptor,-1,0.726513,-33.999,,,,
UDG_1.899134_-32.168,33.3,Low Confidence,Sculptor,-1,1.899134,-32.168,,,,
UDG_10.549599_-31.6502,33.3,Low Confidence,Sculptor,-1,10.549599,-31.6502,,,,
UDG_14.161699_-31.786,33.3,Low Confidence,Sculptor,-1,14.161699,-31.786,,,,
UDG_15.9952_-28.5139,33.3,Low Confidence,Sculptor,-1,15.9952,-28.5139,,,,
UDG_18.603041_-32.6282,33.3,Low Confidence,Sculptor,-1,18.603041,-32.6282,,,,
UDG_19.213181_-33.0282,33.3,Low Confidence,Sculptor,-1,19.213181,-33.0282,,,,
UDG_19.496324_-32.769,33.3,Low Confidence,Sculptor,-1,19.496324,-32.769,,,,
UDG_19.830581_-33.0867,33.3,Low Confidence,Sculptor,-1,19.830581,-33.0867,,,,
UDG_2.142476_-33.8264,33.3,Low Confidence,Sculptor,-1,2.142476,-33.8264,,,,
UDG_2.162882_-33.8838,33.3,Low Confidence,Sculptor,-1,2.162882,-33.8838,,,,
UDG_20.117843_-31.4713,33.3,Low Confidence,Sculptor,-1,20.117843,-31.4713,,,,
UDG_20.266866_-33.157,33.3,Low Confidence,Sculptor,-1,20.266866,-33.157,,,,
UDG_8.404569_-32.3808,33.3,Low Confidence,Sculptor,-1,8.404569,-32.3808,,,,
1079,33.3,Low Confidence,Sextans,-1,151.96,0.53,,,,
16596,33.3,Low Confidence,Sextans,-1,158.17,2.7,,,,
17416,33.3,Low Confidence,Sextans,-1,160.91,0.61,,,,
1799,33.3,Low Confidence,Sextans,-1,153.44,-0.12,,,,
2185,33.3,Low Confidence,Sextans,-1,160.25,-0.7,,,,
3873,33.3,Low Confidence,Sextans,-1,146.55,2.37,,,,
5365,33.3,Low Confidence,Sextans,-1,160.97,1.06,,,,
9128,33.3,Low Confidence,Sextans,-1,154.93,-0.64,,,,
SMDG1017-05,33.3,Low Confidence,Sextans,-1,154.3179,-5.4981,,,,
Zangetsu,33.3,Low Confidence,Sextans,-1,149.823,1.728,,,,
102,33.3,Low Confidence,Unknown,-1,,,,0.89,10471300.0,
104,33.3,Low Confidence,Unknown,-1,,,,1.05,19952600.0,
105,33.3,Low Confidence,Unknown,-1,,,,1.22,3801900.0,
107,33.3,Low Confidence,Unknown,-1,,,,1.99,6025600.0,
108,33.3,Low Confidence,Unknown,-1,,,,0.81,3801900.0,
113,33.3,Low Confidence,Unknown,-1,,,,0.84,2398800.0,
114,33.3,Low Confidence,Unknown,-1,,,,1.52,54954000.0,
115,33.3,Low Confidence,Unknown,-1,,,,1.16,3801900.0,
118,33.3,Low Confidence,Unknown,-1,,,,0.88,6606900.0,
121,33.3,Low Confidence,Unknown,-1,,,,1.67,66069000.0,
122,33.3,Low Confidence,Unknown,-1,,,,1.47,38018900.0,
131151,33.3,Low Confidence,Unknown,-1,,,,5.0,7762500000.0,
17358,33.3,Low Confidence,Unknown,-1,,,,10.58,1479100000.0,
17503,33.3,Low Confidence,Unknown,-1,,,,7.42,2238700000.0,
18638,33.3,Low Confidence,Unknown,-1,,,,9.89,758580000.0,
236,33.3,Low Confidence,Unknown,-1,,,,1.25,7244400.0,
325,33.3,Low Confidence,Unknown,-1,,,,1.01,10471300.0,
33053,33.3,Low Confidence,Unknown,-1,,,,10.79,245470000.0,
331,33.3,Low Confidence,Unknown,-1,,,,1.47,38018900.0,
366,33.3,Low Confidence,Unknown,-1,,,,1.57,54954000.0,
372,33.3,Low Confidence,Unknown,-1,,,,1.25,41686900.0,
373,33.3,Low Confidence,Unknown,-1,,,,1.52,54954000.0,
380,33.3,Low Confidence,Unknown,-1,,,,0.74,7943300.0,
387,33.3,Low Confidence,Unknown,-1,,,,1.2,45708800.0,
391,33.3,Low Confidence,Unknown,-1,,,,0.78,6606900.0,
402,33.3,Low Confidence,Unknown,-1,,,,0.77,16595900.0,
406,33.3,Low Confidence,Unknown,-1,,,,1.15,15135600.0,
407,33.3,Low Confidence,Unknown,-1,,,,2.85,125893000.0,
408,33.3,Low Confidence,Unknown,-1,,,,0.82,5495400.0,
409,33.3,Low Confidence,Unknown,-1,,,,2.27,72443600.0,
410,33.3,Low Confidence,Unknown,-1,,,,0.69,23988300.0,
415,33.3,Low Confidence,Unknown,-1,,,,1.1,7244400.0,
419,33.3,Low Confidence,Unknown,-1,,,,1.66,125893000.0,
423,33.3,Low Confidence,Unknown,-1,,,,0.77,16595900.0,
427,33.3,Low Confidence,Unknown,-1,,,,0.83,6606900.0,
432,33.3,Low Confidence,Unknown,-1,,,,1.1,21850000.0,
433,33.3,Low Confidence,Unknown,-1,,,,1.54,13803800.0,
434,33.3,Low Confidence,Unknown,-1,,,,1.38,26302700.0,
435,33.3,Low Confidence,Unknown,-1,,,,0.95,5495400.0,
437,33.3,Low Confidence,Unknown,-1,,,,0.77,16595900.0,
438,33.3,Low Confidence,Unknown,-1,,,,1.45,12589300.0,
83402,33.3,Low Confidence,Unknown,-1,,,,7.47,4168700000.0,
88976,33.3,Low Confidence,Unknown,-1,,,,6.67,1318300000.0,
89140,33.3,Low Confidence,Unknown,-1,,,,5.2,1698200000.0,
91,33.3,Low Confidence,Unknown,-1,,,,1.58,6025600.0,
AGC102269,33.3,Low Confidence,Unknown,-1,,,74.8,,204173794.0,
AGC102791,33.3,Low Confidence,Unknown,-1,,,75.4,,74131024.0,
AGC105118,33.3,Low Confidence,Unknown,-1,,,72.8,,42657951.0,
AGC105466,33.3,Low Confidence,Unknown,-1,,,77.0,,60255959.0,
AGC121790,33.3,Low Confidence,Unknown,-1,,,37.5,,25118864.315,
AGC749401,33.3,Low Confidence,Unknown,-1,,,41.8,,204173794.466,
ANTLJ102843-353933,33.3,Low Confidence,Unknown,-1,,,35.2,1.81,,
ANTLJ102856-350435.5,33.3,Low Confidence,Unknown,-1,,,35.2,1.81,,
ANTLJ102936-352445,33.3,Low Confidence,Unknown,-1,,,35.2,1.81,,
Andromeda X,33.3,Low Confidence,Unknown,-1,,,0.78,1.46,,
Andromeda XXXII,33.3,Low Confidence,Unknown,-1,,,0.78,1.46,,
Cam A,33.3,Low Confidence,Unknown,-1,,,3.56,4.61,,
Crater II,33.3,Low Confidence,Unknown,-1,,,0.112,1.066,,
DDO126,33.3,Low Confidence,Unknown,-1,,,4.97,4.14,,
DDO169,33.3,Low Confidence,Unknown,-1,,,4.41,3.65,,
DDO226,33.3,Low Confidence,Unknown,-1,,,4.92,3.12,,
EDwC-0120,33.3,Low Confidence,Unknown,-1,,,72.0,,8709635899.0,
EDwC-0156,33.3,Low Confidence,Unknown,-1,,,72.0,,66069344800.0,
ESO115-021,33.3,Low Confidence,Unknown,-1,,,5.08,10.14,,
ESO269-058,33.3,Low Confidence,Unknown,-1,,,3.75,5.52,,
Eridanus II,33.3,Low Confidence,Unknown,-1,,,0.38,0.196,,
FS90 135,33.3,Low Confidence,Unknown,-1,,,35.2,2.03,,
FS90 141,33.3,Low Confidence,Unknown,-1,,,35.2,1.81,,
FS90 143,33.3,Low Confidence,Unknown,-1,,,35.2,1.81,,
FS90 154,33.3,Low Confidence,Unknown,-1,,,35.2,1.81,,
FS90 268,33.3,Low Confidence,Unknown,-1,,,35.2,2.03,,
FS90 270,33.3,Low Confidence,Unknown,-1,,,35.2,2.03,,
FS90 293,33.3,Low Confidence,Unknown,-1,,,35.2,1.81,,
FS90 329,33.3,Low Confidence,Unknown,-1,,,35.2,2.03,,
FS90 52,33.3,Low Confidence,Unknown,-1,,,35.2,1.81,,
HolmI,33.3,Low Confidence,Unknown,-1,,,4.02,5.54,,
HolmIX,33.3,Low Confidence,Unknown,-1,,,3.85,3.15,,
IC 2574,33.3,Low Confidence,Unknown,-1,,,,2.7,245470628.0,
IC3687,33.3,Low Confidence,Unknown,-1,,,4.57,6.92,,
ID149222,33.3,Low Confidence,Unknown,-1,,,,6.72,245000000.0,
LV J1228+4358,33.3,Low Confidence,Unknown,-1,,,4.07,4.56,,
NGC3109,33.3,Low Confidence,Unknown,-1,,,1.34,7.73,,
UDG 272,33.3,Low Confidence,Unknown,-1,,,97.65,1.4,,
UDG 382,33.3,Low Confidence,Unknown,-1,,,97.65,1.48,,
UGC A442,33.3,Low Confidence,Unknown,-1,,,4.37,7.52,,
"Yagi093 (DF26, GMP 2748)",33.3,Low Confidence,Unknown,-1,,,,3.5,305000000.0,
Yagi275 (GMP 3418),33.3,Low Confidence,Unknown,-1,,,,2.9,94000000.0,
Yagi276 (DF28),33.3,Low Confidence,Unknown,-1,,,,2.3,141000000.0,
g1.09e10,33.3,Low Confidence,Unknown,-1,,,,1.0,6637000.0,
g1.44e10,33.3,Low Confidence,Unknown,-1,,,,1.45,6694000.0,
g1.52e11,33.3,Low Confidence,Unknown,-1,,,,6.37,899400000.0,
g1.57e11,33.3,Low Confidence,Unknown,-1,,,,5.11,1178000000.0,
g1.59e11,33.3,Low Confidence,Unknown,-1,,,,6.77,691800000.0,
g1.88e10,33.3,Low Confidence,Unknown,-1,,,,1.69,16470000.0,
g1.89e10,33.3,Low Confidence,Unknown,-1,,,,1.39,13000000.0,
g2.09e10,33.3,Low Confidence,Unknown,-1,,,,1.89,9400000.0,
g2.34e10,33.3,Low Confidence,Unknown,-1,,,,1.52,13670000.0,
g2.37e10,33.3,Low Confidence,Unknown,-1,,,,1.24,17810000.0,
g2.63e10,33.3,Low Confidence,Unknown,-1,,,,1.17,42950000.0,
g2.64e10,33.3,Low Confidence,Unknown,-1,,,,2.42,29720000.0,
g2.80e10,33.3,Low Confidence,Unknown,-1,,,,1.89,36910000.0,
g2.83e10,33.3,Low Confidence,Unknown,-1,,,,1.72,29580000.0,
g2.94e10,33.3,Low Confidence,Unknown,-1,,,,1.84,59030000.0,
g3.23e11,33.3,Low Confidence,Unknown,-1,,,,4.19,364500000.0,
g3.93e10,33.3,Low Confidence,Unknown,-1,,,,2.68,37670000.0,
g4.48e10,33.3,Low Confidence,Unknown,-1,,,,3.24,140300000.0,
g4.86e10,33.3,Low Confidence,Unknown,-1,,,,2.22,123000000.0,
g4.94e10,33.3,Low Confidence,Unknown,-1,,,,2.0,113700000.0,
g4.99e10,33.3,Low Confidence,Unknown,-1,,,,2.39,123800000.0,
g5.05e10,33.3,Low Confidence,Unknown,-1,,,,1.77,95500000.0,
g6.12e10,33.3,Low Confidence,Unknown,-1,,,,1.88,92660000.0,
g6.37e10,33.3,Low Confidence,Unknown,-1,,,,4.31,227000000.0,
g6.91e10,33.3,Low Confidence,Unknown,-1,,,,2.23,250500000.0,
g6.96e10,33.3,Low Confidence,Unknown,-1,,,,3.29,369000000.0,
g7.12e10,33.3,Low Confidence,Unknown,-1,,,,2.62,137600000.0,
g8.89e10,33.3,Low Confidence,Unknown,-1,,,,2.95,403600000.0,
g9.59e10,33.3,Low Confidence,Unknown,-1,,,,4.64,281800000.0,
SMDG1103+60,33.3,Low Confidence,Ursa Major,-1,165.985,60.4981,,,,
Dw1533+67,33.3,Low Confidence,Ursa Minor,-1,233.3671,67.7581,,,,
10769,33.3,Low Confidence,Virgo,-1,178.94,4.38,,,,
10986,33.3,Low Confidence,Virgo,-1,176.53,-1.09,,,,
11469,33.3,Low Confidence,Virgo,-1,220.52,-0.82,,,,
12112,33.3,Low Confidence,Virgo,-1,212.5,-1.54,,,,
12317,33.3,Low Confidence,Virgo,-1,202.43,-1.62,,,,
12741,33.3,Low Confidence,Virgo,-1,189.93,2.7,,,,
13670,33.3,Low Confidence,Virgo,-1,202.14,-1.33,,,,
1443,33.3,Low Confidence,Virgo,-1,175.87,-1.74,,,,
1454,33.3,Low Confidence,Virgo,-1,208.6,-1.05,,,,
15059,33.3,Low Confidence,Virgo,-1,223.51,1.34,,,,
15600,33.3,Low Confidence,Virgo,-1,178.81,-0.53,,,,
15735,33.3,Low Confidence,Virgo,-1,219.28,3.67,,,,
15889,33.3,Low Confidence,Virgo,-1,214.18,-1.62,,,,
18042,33.3,Low Confidence,Virgo,-1,200.36,-0.69,,,,
1808,33.3,Low Confidence,Virgo,-1,189.48,-0.27,,,,
18362,33.3,Low Confidence,Virgo,-1,179.55,-1.05,,,,
18640,33.3,Low Confidence,Virgo,-1,174.46,1.26,,,,
2236,33.3,Low Confidence,Virgo,-1,181.11,3.75,,,,
3374,33.3,Low Confidence,Virgo,-1,199.82,-1.0,,,,
3682,33.3,Low Confidence,Virgo,-1,177.59,-0.59,,,,
3783,33.3,Low Confidence,Virgo,-1,198.06,-0.97,,,,
4875,33.3,Low Confidence,Virgo,-1,200.95,1.11,,,,
5569,33.3,Low Confidence,Virgo,-1,213.72,0.2,,,,
6242,33.3,Low Confidence,Virgo,-1,192.28,-1.79,,,,
6356,33.3,Low Confidence,Virgo,-1,204.89,-0.28,,,,
6419,33.3,Low Confidence,Virgo,-1,197.33,-1.62,,,,
6437,33.3,Low Confidence,Virgo,-1,223.97,1.89,,,,
6836,33.3,Low Confidence,Virgo,-1,222.08,3.53,,,,
6934,33.3,Low Confidence,Virgo,-1,176.1,3.98,,,,
800,33.3,Low Confidence,Virgo,-1,219.43,-0.32,,,,
8868,33.3,Low Confidence,Virgo,-1,199.6,-0.53,,,,
9033,33.3,Low Confidence,Virgo,-1,213.95,0.26,,,,
9723,33.3,Low Confidence,Virgo,-1,179.08,-0.21,,,,
9906,33.3,Low Confidence,Virgo,-1,178.38,-1.73,,,,
Dw1229+0144,33.3,Low Confidence,Virgo,-1,187.3421,1.7381,,,,
Dw1235-0215,33.3,Low Confidence,Virgo,-1,188.9708,-2.265,,,,
Dw1416-0212,33.3,Low Confidence,Virgo,-1,214.1621,-2.2011,,,,
SMDG1245+01,33.3,Low Confidence,Virgo,-1,191.4679,1.9061,,,,
SMDG1250+07,33.3,Low Confidence,Virgo,-1,192.6121,7.7431,,,,
SMDG1256-00,33.3,Low Confidence,Virgo,-1,194.1492,-0.5289,,,,
SMDG1349+04,33.3,Low Confidence,Virgo,-1,207.32,4.8181,,,,
EDwC-0145,16.7,Low Confidence,Unknown,-1,,,72.0,,,
EDwC-0165,16.7,Low Confidence,Unknown,-1,,,72.0,,,
EDwC-0239,16.7,Low Confidence,Unknown,-1,,,72.0,,,
EDwC-0468,16.7,Low Confidence,Unknown,-1,,,72.0,,,
EDwC-0854,16.7,Low Confidence,Unknown,-1,,,72.0,,,
EDwC-0926,16.7,Low Confidence,Unknown,-1,,,72.0,,,
EDwC-0932,16.7,Low Confidence,Unknown,-1,,,72.0,,,
EDwC-0997,16.7,Low Confidence,Unknown,-1,,,72.0,,,
FDS12 42,16.7,Low Confidence,Unknown,-1,,,20.0,,,
FDS12 47,16.7,Low Confidence,Unknown,-1,,,20.0,,,
NGVS 1781,16.7,Low Confidence,Unknown,-1,,,16.5,,,
NGVS 2078,16.7,Low Confidence,Unknown,-1,,,16.5,,,
NGVS 2275,16.7,Low Confidence,Unknown,-1,,,16.5,,,
NGVS J122846.19+134311.4,16.7,Low Confidence,Unknown,-1,,,16.5,,,
NGVS J123037.24+124609.2,16.7,Low Confidence,Unknown,-1,,,16.5,,,
NGVS-UCD167,16.7,Low Confidence,Unknown,-1,,,16.5,,,
NGVS-UCD192,16.7,Low Confidence,Unknown,-1,,,16.5,,,
NGVS-UCD507,16.7,Low Confidence,Unknown,-1,,,16.5,,,
NGVS-UCD509,16.7,Low Confidence,Unknown,-1,,,16.5,,,
NGVS-UCD548,16.7,Low Confidence,Unknown,-1,,,16.5,,,
NGVS-UCD753,16.7,Low Confidence,Unknown,-1,,,16.5,,,
NGVS-UCD822,16.7,Low Confidence,Unknown,-1,,,16.5,,,
NGVS1160,16.7,Low Confidence,Unknown,-1,,,16.5,,,
NGVS1528,16.7,Low Confidence,Unknown,-1,,,16.5,,,
NGVS1593,16.7,Low Confidence,Unknown,-1,,,16.5,,,
NGVS3404,16.7,Low Confidence,Unknown,-1,,,16.5,,,
UDG 134,16.7,Low Confidence,Unknown,-1,,,97.65,,,
UDG 142,16.7,Low Confidence,Unknown,-1,,,97.65,,,
UDG 181,16.7,Low Confidence,Unknown,-1,,,97.65,,,
UDG 217,16.7,Low Confidence,Unknown,-1,,,97.65,,,
UDG 245,16.7,Low Confidence,Unknown,-1,,,97.65,,,
UDG 247,16.7,Low Confidence,Unknown,-1,,,97.65,,,
UDG 248,16.7,Low Confidence,Unknown,-1,,,97.65,,,
UDG 254,16.7,Low Confidence,Unknown,-1,,,97.65,,,
UDG 287,16.7,Low Confidence,Unknown,-1,,,97.65,,,
UDG 303,16.7,Low Confidence,Unknown,-1,,,97.65,,,
UDG 308,16.7,Low Confidence,Unknown,-1,,,97.65,,,
UDG 316,16.7,Low Confidence,Unknown,-1,,,97.65,,,
UDG 361,16.7,Low Confidence,Unknown,-1,,,97.65,,,
UDG 371,16.7,Low Confidence,Unknown,-1,,,97.65,,,
UDG 417,16.7,Low Confidence,Unknown,-1,,,97.65,,,
UDG 420,16.7,Low Confidence,Unknown,-1,,,97.65,,,
UDG 426,16.7,Low Confidence,Unknown,-1,,,97.65,,,
UDG 452,16.7,Low Confidence,Unknown,-1,,,97.65,,,
UDG 460,16.7,Low Confidence,Unknown,-1,,,97.65,,,
UDG 469,16.7,Low Confidence,Unknown,-1,,,97.65,,,
UDG 514,16.7,Low Confidence,Unknown,-1,,,97.65,,,
UDG 535,16.7,Low Confidence,Unknown,-1,,,,1.536,,
UDG 639,16.7,Low Confidence,Unknown,-1,,,97.65,,,
UDG 673,16.7,Low Confidence,Unknown,-1,,,97.65,,,
UDG 674,16.7,Low Confidence,Unknown,-1,,,97.65,,,
UGC 5101,16.7,Low Confidence,Unknown,-1,,,161.8,,,
UGC 7321,16.7,Low Confidence,Unknown,-1,,,22.28,,,
VCC 1107,16.7,Low Confidence,Unknown,-1,,,16.5,,,
VCC 1148,16.7,Low Confidence,Unknown,-1,,,16.5,,,
VCC 1153,16.7,Low Confidence,Unknown,-1,,,16.5,,,
VCC 1672,16.7,Low Confidence,Unknown,-1,,,16.5,,,
VLSB-A,16.7,Low Confidence,Unknown,-1,,,16.5,,,
[KKS2000]04,16.7,Low Confidence,Unknown,-1,,,13.0,,,
